user_id,age,income,employment_type,loan_amount,loan_term_months,credit_score,default
bdd640fb-0667-4ad1-9c80-317fa3b1799d,58,3447.3,unemployed,14476.44,24,442,1
23b8c1e9-3924-46de-beb1-3b9046685257,65,3332.44,unemployed,44716.8,12,732,0
bd9c66b3-ad3c-4d6d-9a3d-1fa7bc8960a9,20,2387.36,salaried,12400.38,60,327,0
972a8469-1641-4f82-8b9d-2434e465e150,53,4584.89,unemployed,35364.92,48,525,1
17fc695a-07a0-4a6e-8822-e8f36c031199,46,9660.45,salaried,38181.56,24,732,0
9a1de644-815e-46d1-bb8f-aa1837f8a88b,39,5612.33,salaried,47903.44,36,404,0
b74d0fb1-32e7-4629-8fad-c1a606cb0fb3,23,6939.05,self-employed,42527.22,60,570,1
6b65a6a4-8b81-48f6-b38a-088ca65ed389,20,11486.51,unemployed,7116.48,48,380,1
47378190-96da-4dac-b2ff-5d2a386ecbe0,53,5811.32,unemployed,31307.47,36,496,1
c241330b-01a9-471f-9e8a-774bcf36d58b,63,2904.22,unemployed,12167.02,36,381,1
6c307511-b2b9-437a-a8df-6ec4ce4a2bbd,32,13264.29,self-employed,14620.71,36,466,1
371ecd7b-27cd-4130-8722-9389571aa876,41,6618.52,unemployed,14081.91,12,475,1
1a2a73ed-562b-4f79-8374-59eef50bea63,52,11478.65,salaried,23650.75,36,524,0
5be6128e-18c2-4797-a142-ea7d17be3111,61,6215.68,salaried,12223.36,12,623,0
43b7a3a6-9a8d-4a03-980d-7b71d8f56413,43,5480.63,salaried,45743.67,60,622,0
759cde66-bacf-43d0-8b1f-9163ce9ff57f,31,10520.7,self-employed,44349.47,48,446,1
ec1b8ca1-f91e-4d4c-9ff4-9b7889463e85,34,3815.19,unemployed,28507.04,36,738,0
4b0dbb41-8d52-48f1-942c-3fe860e7a113,55,7192.21,salaried,49868.96,24,821,0
e2acf72f-9e57-4f7a-a0ee-89aed453dd32,49,3181.82,salaried,43194.04,24,463,0
3139d32c-93cd-49bf-9c94-1cf0dc98d2c1,61,7488.08,salaried,19853.6,60,779,0
a9488d99-0bbb-4599-91ce-5dd2b45ed1f0,51,5268.38,unemployed,43178.21,12,417,1
fc377a4c-4a15-444d-85e7-ce8a3a578a8e,61,13502.25,self-employed,38661.34,36,414,1
ddd1dfb2-3b98-4ef8-9af6-1a26146d3f31,36,7651.95,self-employed,1159.02,36,812,0
7412b293-4729-4739-a14f-f3d719db3ad0,29,8599.86,salaried,43655.41,36,819,0
29a3b2e9-5d65-4441-9588-42dea2bc372f,56,4585.84,self-employed,38363.03,60,843,0
ab9099a4-35a2-40ae-9af3-05535ec42e08,18,9786.28,self-employed,1954.36,36,614,0
aefcfad8-efc8-4849-b3aa-7efe4458a885,33,2753.03,unemployed,47400.52,12,797,1
a28defe3-9bf0-4273-9247-6f57a5e5a5ab,22,14713.8,unemployed,38525.89,24,786,0
3eabedcb-baa8-4dd4-88bd-64072bcfbe01,53,4146.65,unemployed,43749.22,48,516,1
451b4cf3-6123-4df7-b656-af7229d4beef,52,11818.45,unemployed,10856.4,36,708,0
b02b61c4-a3d7-4628-ace6-6fa2fd5166e6,60,10448.41,self-employed,45081.09,48,423,1
5304317f-af42-412f-b838-b3268e944239,33,4921.07,self-employed,2030.68,60,535,1
0e51f30d-c6a7-4e39-84b0-32ccd7c524a5,55,4862.83,salaried,35684.21,12,534,0
ce177b4e-0837-48a3-9261-a7ab3aa2e4f9,22,13770.46,self-employed,4472.01,24,585,1
10f1bc81-448a-4a9e-a6b2-bc5b50c187fc,60,8310.39,unemployed,7483.28,60,784,0
9132b63e-f162-47e4-a9c3-49e03602f8ac,33,12200.05,self-employed,10330.09,12,741,0
366eb16f-508e-4ad7-b7c9-3acfe059a0ee,40,7506.52,self-employed,43328.0,12,400,1
e27a984d-6548-41d0-bfcd-9eb1a7cad415,21,7234.08,self-employed,40229.03,12,554,1
24933b83-7577-40a9-a491-f0b2ea1fca65,30,4472.72,self-employed,7868.93,24,585,1
beb79919-3f22-4af8-a3be-d01d43cf2fde,47,5247.48,salaried,22713.41,60,400,0
bf3c4c06-4343-48bc-89fa-6a688fb5d27b,21,10477.88,unemployed,41965.35,12,542,1
956269f0-e5d7-4875-adad-d6c795a76d79,28,7283.38,self-employed,11473.62,48,360,1
ff50bde4-3825-47b8-9cab-cc97663f1c97,28,6926.65,self-employed,13994.95,48,592,1
7e570ddf-8270-40a8-a369-b584ff5e9ff0,45,11055.69,unemployed,49775.71,60,798,0
dc713d96-0c0f-4195-817a-f08a1745d6d8,27,4468.67,salaried,48466.76,60,362,0
28f49481-a0a0-4dc4-a720-9bdf1c11f735,65,6076.86,salaried,29624.7,60,843,0
98ae4334-6c12-4ce8-ae34-0454cac5b68c,28,2739.43,unemployed,4925.46,24,370,1
988c24c9-61b1-4d22-a280-1c4510435a10,56,2883.49,salaried,20785.0,60,552,0
405cacec-8774-49a9-b7d2-1e02ff01cf99,55,9728.75,unemployed,5017.19,60,835,0
f143262f-dc5c-4eed-8da0-365bf89897b9,38,14151.18,salaried,33816.57,36,544,0
1d53434b-b881-49b9-ae27-0da702f06b90,34,7145.22,unemployed,32629.54,48,623,0
c0398710-8976-4334-a281-7efdae849217,22,2121.1,unemployed,49924.27,12,375,1
5715bd6f-a416-4293-84c2-e2e3444ea7c8,52,4771.01,self-employed,7490.37,36,370,1
287d06ca-6f4c-469a-8b22-d3081c8eaee9,33,6803.85,salaried,22471.04,60,609,0
b8db0672-f42d-47cc-80d4-af5974273ca3,57,14790.09,unemployed,26918.09,60,606,0
f8cda88b-436d-46e2-b83c-fe0be037e5ed,60,3346.62,salaried,13958.83,12,459,0
81f76d1c-2dbc-4134-830f-f46e8026695f,35,5662.83,salaried,36163.0,24,570,0
a013ac6e-deda-4e16-9b3d-bd5ce9a1fa6f,50,8350.91,salaried,5522.62,48,583,0
81f631d4-a392-41a7-9777-a4774c66e0a8,20,2046.09,salaried,32218.56,36,465,0
5fb8d16c-2720-497d-b2eb-d6899be578c7,65,7743.86,unemployed,21956.66,12,414,1
f4188f3f-8a14-4e62-a95b-4715c333e861,22,14285.66,unemployed,45292.5,60,336,1
eb2263dd-87c5-421e-ac24-a3c5c754108f,41,9572.62,salaried,22059.55,12,615,0
7d154385-52fb-443b-9954-6eb400257ad1,41,13686.76,salaried,45047.31,24,555,0
5cec4eb5-edd9-4831-9ca3-5cfb04fc6d82,60,3336.32,unemployed,44322.6,48,458,1
ce88cb2d-d4e8-4839-bc3e-058be0f3eab0,33,13239.87,salaried,44189.39,12,483,0
3da9c2a9-0ed4-4f1a-bd4c-bf374eb93eff,65,14018.33,self-employed,40309.52,24,573,1
14296c07-f26b-4776-913e-4de2e0c53cb8,28,12235.87,salaried,19744.54,12,781,0
d0e6e660-7c69-4ee1-bb5e-4bcf15ed6269,32,4594.45,self-employed,18133.26,24,528,1
885f6e66-c2b6-42c5-ba5d-310011b7e948,19,10580.43,self-employed,17084.84,12,585,1
a8e56e0c-20de-435d-a031-d750c40db9b4,40,10339.26,self-employed,34296.39,60,639,0
2a45c2ab-8cbf-4db0-b264-accc79ac1b1e,19,3499.44,self-employed,9749.82,36,339,1
9b49bd26-df57-459a-8715-a10343dac043,24,9755.43,self-employed,36698.71,36,746,0
edcd465e-3638-4821-b6e0-7cc06c52c49f,56,14795.07,salaried,19874.58,60,494,0
b09b2a5c-badc-432a-8159-0f538a0f4efb,34,2577.02,self-employed,1082.87,60,501,1
66245bfa-4fcc-439a-b683-d2e6337ea2df,41,7606.87,unemployed,46117.77,60,621,0
5f987c71-a65e-488e-abf3-ad39fec21bbe,60,13024.2,unemployed,45102.29,60,616,0
7394988f-847f-49b4-a64d-1bcb702753a1,60,7309.11,self-employed,35163.21,60,430,1
1064005c-3985-43cf-bf76-be1d1efa2197,30,7465.8,self-employed,34188.58,24,608,0
8dcdcd03-969b-4662-8562-8059568cc69b,43,9123.18,salaried,15889.87,24,740,0
01d74256-3860-4ab6-96a4-02f23ae8cc93,55,9886.6,self-employed,23784.42,48,518,1
0f1259e0-a18f-46b6-b535-106e122c9a56,50,8151.42,unemployed,9314.88,12,590,1
080aadfb-e7c9-4b26-9141-25c63a9bedd4,50,10630.1,unemployed,17424.22,24,617,0
839fbc50-1223-4513-9496-f63cdc1110c1,32,12485.32,salaried,2196.84,24,786,0
7c441fe7-ab42-40a7-874a-493b3ceddf2d,57,13046.59,salaried,23315.39,60,499,0
b92da22b-21df-406f-8a0b-3c3336d8393a,63,11052.61,self-employed,20582.99,24,305,1
93829b43-922f-415a-a1e3-db63ef7ddc76,24,12119.47,salaried,9618.45,60,775,0
7914c120-c8dc-419f-be35-11287900f7f9,21,9246.28,salaried,23366.63,48,843,0
1825bc54-30be-445f-a835-14f2ceb81f9d,53,9740.88,self-employed,31019.96,60,736,0
5ab33edf-6e59-4ed3-a8b3-17fa18d0752b,53,7796.88,salaried,37439.12,48,760,0
dd2467ac-778e-4db3-a93d-ffbc6c6fa611,34,11773.1,unemployed,14588.26,60,796,0
a748dbcf-ac61-4e63-8dde-29a6baa4b71a,58,5110.2,self-employed,4796.68,36,540,1
0f844fef-1931-49ee-a56c-0941fbf24050,35,6366.02,unemployed,4948.31,24,536,1
ccf3a171-56dc-4907-ba6c-34ab6712303a,42,11021.35,unemployed,11483.69,48,717,0
310c0c00-3fa7-4104-9bf9-0e27dc96925e,39,9053.94,self-employed,4051.02,48,698,0
23e2fcb4-72d8-467d-894a-05e430b187ef,55,14298.81,salaried,42979.87,60,689,0
766ecb15-474e-4c19-aef9-12766c006f61,48,2076.65,self-employed,15632.02,48,729,1
134c6c92-ec5b-427c-9fde-4fbf3ff350bf,52,11717.7,unemployed,40193.54,24,799,0
db20a56e-dc81-4fe7-8eda-8bbb71710434,32,5548.16,self-employed,2422.22,36,714,0
a6f2f7b8-0cf3-4b58-9910-8be58ce21ea3,64,4145.58,self-employed,46057.54,60,846,0
03c72ba8-d605-4770-8a63-f881ffd0f9d5,19,13790.08,unemployed,28655.21,12,385,1
c0e9ab30-ed26-42e9-97e0-11b7f8102383,59,7571.97,self-employed,9904.72,36,688,0
680ac07a-2a93-4d62-bc83-5dc0d9441fa5,38,4751.58,self-employed,17537.53,48,584,1
dd59ba71-36b8-4481-bb3a-4e3e7c52fa17,44,5279.53,salaried,24045.03,60,353,0
2a25a888-0f02-4ad0-a706-7ef466aa9385,40,4914.89,salaried,39280.42,12,331,0
63f2ae24-fc3d-4348-808d-4127610461e3,33,4591.69,salaried,31445.45,24,429,0
c8fe3ccd-c8b8-49c6-ad30-49cf43e458fc,48,10702.96,unemployed,47440.09,48,562,1
b253d218-6c4a-47ea-8906-17f2747b6dba,41,4181.26,unemployed,48223.0,12,467,1
c88a618e-fed4-457d-bb02-6576f512c4c3,37,3405.28,salaried,46515.47,60,684,0
7c967f79-b7e9-4aca-a970-65e18e46d534,43,14239.12,salaried,4723.83,24,404,0
37bb3eec-4bf5-4b52-b09d-258c27a0c3d7,62,12042.25,unemployed,30420.17,12,342,1
bc594585-9445-48c0-8ef8-c2d6f7fd5646,40,8925.69,unemployed,19157.97,60,649,0
504867ba-bf7b-439b-8f9a-ea4b8acd4e10,18,13044.48,self-employed,6171.4,36,770,0
7a0ecfea-958c-49ba-8cd6-20c20ea2622b,63,3988.88,salaried,36955.97,36,795,0
87f7e1fb-da4b-49ca-ab5c-f46780bacd64,47,7662.47,unemployed,30031.26,36,551,1
82010c62-f5f5-4b22-8e8f-a8e0284d82e5,23,5626.07,self-employed,12949.31,48,688,0
118a9d29-2f92-4996-99f1-95d014822f53,39,2373.1,self-employed,9910.15,24,663,1
dca02eec-acda-4acc-9165-e21098543881,34,6424.4,unemployed,35358.0,36,310,1
f10c718b-1eb0-438a-a75d-d5af3c365296,51,14324.81,salaried,12826.45,48,800,0
94340a03-3f07-4814-91d6-3f78e3e9de99,53,11856.14,unemployed,24328.56,48,758,0
14fcdd54-9e8f-4965-8a2c-827e98326856,19,3209.69,salaried,20815.66,24,613,0
90b2b633-956b-4c0c-a849-9b926b5252e3,60,9560.22,self-employed,28120.17,36,735,0
42c18a62-ef48-48d5-90fd-9d3f85d51695,65,9155.05,self-employed,35439.89,36,613,0
506e5a9a-b758-488d-ab73-295b344a54b8,34,4996.99,unemployed,10436.63,12,848,0
21813d25-6552-48a6-83ff-50113d1a85dd,62,4406.95,salaried,37191.63,36,837,0
750cab75-4ccc-4bc2-a53f-8a28abf3e3fc,56,5678.98,salaried,41798.79,36,532,0
ef8c485b-c07a-40f2-add4-253b50f0fd0a,41,4332.74,salaried,35692.91,24,580,0
9f044aed-7552-4327-8262-7f7312922f83,20,14665.83,unemployed,15314.7,24,802,0
19985f15-ff00-4d4d-9020-59e4ff9ab5c2,24,13345.36,unemployed,14932.63,48,751,0
8181a8cc-3691-47eb-89a2-688b12c136e0,39,4396.73,salaried,13371.44,48,416,0
5958a499-eeea-463e-a1e8-ac6843e42caf,22,7209.2,salaried,29274.04,12,455,0
3e896c64-e117-4ac3-919c-4ea3e1805081,27,12544.85,self-employed,5173.86,24,421,1
702cdd20-2862-48b8-88f4-ef125e9953d2,53,11937.76,unemployed,30210.22,60,531,1
4d71c366-b41b-4143-8b10-550cd5704f32,51,6944.91,self-employed,15570.3,60,739,0
ce9e1a11-fcbb-4e59-bbdd-cf7c9c96e9ec,37,9392.18,salaried,30871.91,12,512,0
aaf91531-0200-41f0-8768-a84fa76afde6,58,4743.33,unemployed,4978.19,24,477,1
ee87905e-4ca4-45ea-8dfa-6a56d12dbc9a,53,2975.84,salaried,21017.36,60,781,0
e0ccedc5-f05d-476e-9a84-a51aa9d3d7c7,36,2424.32,self-employed,35640.84,48,372,1
e3c43657-1d8c-4bac-83b4-09ef2260e70f,61,5034.51,self-employed,39603.57,60,502,1
27cb6f2a-8da0-4097-be0f-051b1b66b5a9,45,3492.09,salaried,32734.1,36,445,0
35ebd32d-9ad6-40ab-8821-2ddb45b89cd9,22,2775.29,self-employed,30157.16,60,595,1
afffcfd2-341e-440b-97c7-00aab7b56ea7,46,3616.6,unemployed,15900.47,48,578,1
81627cf1-4394-42e6-9a58-7e8aa25d6b29,50,9019.76,self-employed,4941.65,12,742,0
e87d1c78-e7c4-41c7-8049-7b717d106c60,65,6190.18,self-employed,2267.38,24,321,1
a2607723-17a0-4f49-8d01-280fd89a40c0,61,12678.48,unemployed,2971.35,24,781,0
0b49452d-46d4-43f3-9450-281c6c6f7633,51,10469.62,self-employed,9892.97,60,746,0
217d65a0-c568-41cd-9563-f61600e85ece,58,12585.18,salaried,24030.51,48,641,0
295d6fbf-430f-401d-bad4-09e2a319dcb4,38,10711.74,salaried,17160.38,48,595,0
b4a69f3c-8d3a-4d99-b11c-21c9bdc14f1f,60,14287.52,unemployed,2798.16,12,622,0
1ca3c448-0279-46a6-8f97-97b06d7ce3c9,34,6202.56,self-employed,43380.62,12,773,0
b0e6a969-e213-42b0-b1ee-dba313432e61,44,2704.65,unemployed,18727.19,48,752,1
093923de-8bab-4e3b-a628-6bfbe767dcea,21,4646.26,unemployed,7419.65,36,748,0
8d7248e2-951f-48d0-9e84-f058d5a804eb,62,8301.25,salaried,48684.19,60,545,0
0ab54bde-20a0-4502-ae06-809725e97977,63,4058.92,unemployed,1670.05,48,395,1
eededb07-e623-4689-9d59-cd2a4eea04e7,32,14899.34,salaried,23610.95,12,457,0
0a368ce7-dc57-4131-b8e1-daa7cbceabde,49,14124.49,self-employed,25934.73,36,725,0
ae9bec36-35c7-436c-9b99-62c6e61fecc0,48,14743.18,salaried,23382.54,24,692,0
5a8aaeca-1a50-4ec3-aabc-25fa3fe12e47,30,13984.29,unemployed,37568.33,24,371,1
dfed2c43-e256-46dc-8f54-86b7c7b5b2bc,35,12044.78,self-employed,17653.89,60,573,1
bfddc3d9-9ee3-4c2a-b94d-62046808593f,18,5676.91,self-employed,42036.32,60,801,0
3c9ad14c-ee0c-4eb5-acfe-db992790cebd,27,7805.12,self-employed,17911.07,60,686,0
ccc56569-f9e8-4369-a999-b735dd56cc94,47,14127.08,salaried,49057.96,24,692,0
698c206f-e1a4-4e10-ad53-4dd0cf8ebc5a,32,13128.17,self-employed,3138.72,48,690,0
ecab3301-bc8f-4d29-adea-94930658663a,42,14849.38,unemployed,49060.09,48,337,1
696608aa-ee49-4329-884a-7b28550a1b46,26,8529.78,unemployed,17267.74,12,750,0
bc2cbb0d-dd33-4cc7-ab7f-089acd5f4822,24,8837.36,self-employed,1752.03,24,719,0
28c13091-444d-410b-bf87-e362cf8d446a,59,14609.44,salaried,24005.04,36,646,0
61ee411a-1bac-47a7-b386-f7a4c991603f,57,11005.16,unemployed,4935.45,36,846,0
787f2425-dbcc-4477-89e9-db0adf465290,42,14403.81,unemployed,36217.15,48,336,1
eb1fa9f2-d10b-41d0-b317-347038f16a81,57,2889.47,unemployed,34535.58,36,532,1
d20eac17-4e20-4d1a-9983-36e375d66ed4,65,3174.93,salaried,38258.11,12,754,0
39118497-3a43-42ba-9f0f-06cbcb9bc326,28,11022.02,salaried,3253.56,12,600,0
6601ddd0-3170-4437-a8f7-ef5a060edf5b,40,6872.93,salaried,12965.67,48,484,0
11c58ef0-dd46-4c09-8752-87aa5408f9ac,28,4275.9,unemployed,43671.14,60,546,1
59e4b671-4774-4c58-85f8-bc16f7860b50,49,13866.78,salaried,12377.23,36,770,0
adf4e62d-6651-429e-8268-690ba43825b5,34,10668.93,self-employed,45159.26,60,461,1
54c63cd8-8945-4f27-97fa-2d8dfb2ca025,22,7742.49,self-employed,49394.93,36,734,0
e08596db-1d87-4966-8710-d430f071d879,62,5251.28,self-employed,10761.63,48,794,0
94a1875d-2db6-4edb-82de-ffccf86c2ca2,24,5083.67,unemployed,18589.0,36,602,0
09cb3942-43f5-4a85-bbc9-f87af668a617,19,14713.28,unemployed,20394.48,12,350,1
587ef344-6f3f-420c-98b8-e4cc1bc044fc,56,11687.24,self-employed,39011.31,24,660,0
6fb78271-504d-481f-8953-5b63ba81edd9,32,10276.03,unemployed,13280.71,24,399,1
1d9af659-82ec-4f2d-bbf6-e16f9b3080d5,58,10402.43,self-employed,39641.91,12,673,0
30a900ad-939b-462d-a645-f129629c2ae3,64,3708.35,self-employed,17009.24,48,479,1
6fa17735-b572-43d0-8b5c-ea6a41357e8c,30,3718.08,unemployed,43946.57,36,843,0
ce777f00-ecf2-4e76-8519-7ff4006ed6e3,50,13875.33,salaried,13591.53,48,602,0
f0b5156b-b82c-4074-afd5-dea589d7fd6c,65,13315.16,salaried,23948.24,12,444,0
3270e4fa-abae-4f43-bcae-8081bdf070aa,32,13181.83,unemployed,34045.91,48,674,0
f2e9702d-11e9-4daa-ae69-81a35d3d9e56,23,12278.87,salaried,13958.47,12,765,0
9f871ce7-5487-4d4f-abb7-a385aa0b7b14,41,10746.77,unemployed,13845.91,48,680,0
1fe771d6-d917-4793-a9d3-c2e6505cc686,24,10772.88,self-employed,2226.21,60,635,0
81d2c7de-4ce1-4b90-a669-7833b841d0a0,57,4877.77,salaried,32134.79,48,609,0
5380b904-688c-4015-aab9-7e494f2d4796,59,7307.85,salaried,3221.99,12,611,0
8dedf9fb-4bb0-4f20-b27c-40266703b636,49,3509.57,salaried,44475.71,24,697,0
aa38d0a1-6ba2-4efe-b11c-6eb62095eef6,47,6823.15,unemployed,35127.72,60,729,0
bf85bf0e-ad64-456c-a10f-aa3ff0bbac67,55,11649.5,salaried,44385.28,12,801,0
91b0e1d9-9d92-42af-ac8d-0e44e71e43a6,57,7305.51,self-employed,2603.1,36,522,1
d56f0350-8c45-4ce2-a7f4-8ad54d0b0d1a,46,7781.05,salaried,42917.06,12,676,0
35ce8841-4973-4d6c-8dca-bfb7001a9a8b,52,13722.05,unemployed,18575.02,48,582,1
9b4e2c24-9479-41e6-8927-7d9b6e0d2648,30,14586.69,self-employed,5492.0,24,321,1
7118e364-7709-4749-927e-ecfaa79ac9aa,21,12228.33,salaried,49452.22,60,510,0
82dc4c8e-36b5-429a-acf5-e81e71316269,22,12787.63,unemployed,11150.71,24,538,1
f5b78cc7-e6b3-4944-8b32-3e357922bac2,39,12066.79,unemployed,1138.94,24,433,1
a8aa7158-2b70-4525-bc67-f831cbc84759,52,5258.5,salaried,6386.39,12,434,0
a9f25336-83f4-49a9-88a6-39d015b52908,18,6657.15,salaried,29853.79,12,478,0
17e8392a-55ce-45db-9e87-e04ca2086977,34,2681.19,unemployed,21627.07,12,365,1
3c20592f-c04a-46c4-b3b6-3fe1d1843324,48,7827.58,self-employed,26148.66,12,762,0
ce7ae7f6-3982-4cff-8f77-a665ac3c5640,50,4880.15,unemployed,3124.89,60,608,0
0bd4a990-0640-4e0f-a5b8-fd4b32fa2de8,47,10363.43,salaried,3980.44,48,711,0
9c7c7377-79a2-4903-bbe3-3b243eae0032,45,10919.27,self-employed,35907.66,48,375,1
74962764-12a4-4ef0-84bb-b7a9d98868dd,23,6187.45,salaried,4218.43,36,632,0
935f2b0a-a138-4ddc-a2d9-de5d6a18ce4c,42,14930.16,unemployed,15449.99,60,740,0
624c69b6-b244-45a7-b7e5-848131c681ec,24,12310.25,salaried,42786.84,60,520,0
25c73c44-3e75-43b4-a64f-a6637e8f8095,45,7870.21,salaried,21276.86,48,708,0
e4855aa1-016b-4287-b008-05cca7f36ae9,44,11484.96,self-employed,21911.44,36,683,0
e2add909-c521-4f2d-9c45-d539c03f3538,27,10928.67,self-employed,4289.53,12,395,1
3805f907-6cd6-4193-8746-8f591b494e15,45,3255.34,unemployed,19259.7,24,361,1
b227462c-f53d-4330-8dda-24ba2d06e8cf,55,14436.12,unemployed,17152.65,12,720,0
8eb22579-0cdb-4ca4-b6ec-bdd68498e113,40,13356.9,self-employed,43536.52,12,594,1
1f115b76-d92c-4227-aadf-50853fcb7546,56,6061.84,salaried,29318.01,24,458,0
76f2dbfe-cd29-436f-a222-82e174daaebf,60,8268.46,salaried,18155.59,60,676,0
8f15ba58-fce6-4504-87f8-424daae65fc1,25,11913.87,unemployed,12081.8,48,326,1
c1581092-f335-4ba3-913a-7052986f9025,56,14078.1,unemployed,14104.94,24,579,1
d0a44432-9cd6-4852-b14c-7df4e4347d51,62,11911.32,self-employed,18200.15,24,446,1
6d3ee1dc-8139-4443-a45b-712eb8225688,54,10545.48,salaried,7951.86,12,393,0
722764e6-8c41-461b-a827-a1b9d4a02e53,65,8896.27,self-employed,21571.79,36,461,1
dc8aee30-be60-43f7-a8be-9288e5af6e39,41,6051.29,self-employed,39064.95,60,386,1
c074718e-425a-409f-b337-c59979844388,21,4022.54,unemployed,3438.36,12,578,1
46fde062-a33d-47af-9701-410d3f4b1a70,46,10605.2,self-employed,30746.72,48,579,1
7c0e8cd8-8573-4793-8715-b2b9c40c5d91,31,11814.26,salaried,17913.47,12,590,0
709b7d97-464c-44af-bd3f-3799a07295e9,61,10820.32,self-employed,26819.77,36,346,1
3c07c574-4925-4af1-b6aa-e05b13d5f2f7,32,7138.42,unemployed,3684.32,24,608,0
e49d681d-51d8-4c64-95fa-1ab8458f1f19,31,11975.54,self-employed,15182.91,12,307,1
269cd696-236c-4b87-94a0-bccb8a476a87,49,11711.18,salaried,7330.1,60,535,0
271e3ee2-b1a6-41f1-a20e-99d33b33f3d8,50,9263.41,unemployed,40503.81,12,706,0
6a34c854-1071-4d51-b6c5-9dacb4d7e28e,65,2549.93,salaried,23527.96,12,620,0
7746d0ba-8ae8-405b-94b4-a48268586eba,54,7580.7,self-employed,35765.45,48,596,1
d5385b0e-34f3-493c-8ff0-a55c6a702e2f,25,7265.42,self-employed,9421.79,60,771,0
c51155ff-e7a3-4e81-a3b4-c08b6b8e869f,62,13957.01,salaried,22398.88,12,549,0
05000bc6-b20d-4b6e-b231-1f1795863a76,45,9655.33,unemployed,4853.71,36,647,0
9360715f-c3fe-4183-a172-b725db52ca58,32,6329.89,salaried,4742.59,12,843,0
f1578470-0182-47c4-ba1b-58066160a6b4,50,4520.75,self-employed,18203.89,24,541,1
63d62a39-c0e3-4efd-8c71-e0fe5a0cdd7c,24,3903.77,salaried,9501.45,24,377,0
d5f25073-f414-42b1-a442-9ebbda7b9095,29,14366.8,unemployed,25211.73,60,759,0
bc10fa52-bf5d-4fdf-89c8-d2ab6b44fa8d,61,14014.01,unemployed,32506.6,60,630,0
e5d6f6e6-9a6e-42f5-8cc4-29038bcf53a1,58,6109.81,self-employed,4346.03,48,610,0
45df16b6-382c-443f-bcfc-9b793875394c,35,9688.46,self-employed,25859.51,36,772,0
638c254c-076e-4bba-bc53-08bf6f92f25e,46,2488.89,self-employed,41753.13,12,392,1
cc530e36-addc-4e13-ab3b-4d37560c95ee,57,9723.04,self-employed,23672.87,60,342,1
d72b6108-2a40-4f12-b963-f37f67814c1f,46,13817.65,unemployed,32940.04,36,787,0
fb10987f-20ac-4703-ab67-146a77a6e17c,50,3961.19,salaried,23075.63,36,386,0
e82c7d7b-06e7-45f9-88bc-539c9f4c3b79,50,10399.65,salaried,13139.44,48,749,0
a9ba5a27-907b-4e36-9786-48f864de82e6,51,8795.72,salaried,18831.0,36,696,0
6db99102-a48b-4dbe-957d-94a106f028ff,44,12068.04,unemployed,30296.41,36,367,1
2e85cb21-7631-4e9d-9de9-f86322bd3388,39,3228.58,unemployed,19941.65,36,453,1
53cd6268-610c-4373-8299-9aa40cdf742b,39,3059.53,unemployed,7929.99,36,617,0
56666f9f-53ac-4ab9-b467-2cd9362f5e5c,59,11080.24,self-employed,7318.63,12,617,0
473bd358-610e-4a64-a130-1617c2dff335,53,6896.83,self-employed,40846.05,60,395,1
6bebac31-d4f8-4d72-b382-1cfdc083b73a,59,10715.93,unemployed,18729.58,36,616,0
78660765-14f7-4e8d-95bc-b8d04094dded,29,14365.2,self-employed,47435.75,48,496,1
0d557b61-8a17-4dfe-bfc0-0dc804f64d86,32,14999.7,salaried,4781.09,12,819,0
39669fa7-5997-4043-b3b1-025bfff9f585,52,12856.56,unemployed,2849.63,36,434,1
f510ab53-c7fe-439f-9190-f938a66fd7f7,56,6897.36,salaried,9861.45,60,469,0
07f194f9-c115-4d6d-8a4e-5b70a6d964a3,64,7689.75,self-employed,18850.67,24,754,0
d6d7b3b8-3309-4d35-bf4d-f561f319c125,57,5704.06,unemployed,39406.22,24,846,0
3d114802-2702-478b-9f0f-da8d05379ff6,33,6023.08,self-employed,45294.74,24,676,0
1d48a071-ab61-47b1-b93b-4c3220500494,61,14312.69,self-employed,23622.32,36,691,0
770c7798-37cc-463b-b2a0-345990604f62,50,8856.98,salaried,41027.67,60,441,0
5e6fea07-c453-4f1d-8199-2fdfb31022f0,34,2678.34,self-employed,43831.73,60,405,1
f6b751f7-9b74-4245-9b1b-c8952af43ab7,63,12996.6,salaried,14968.09,24,579,0
c71d5e60-1d52-46ab-b7e6-427cbf780e3f,46,13768.98,salaried,41721.29,12,527,0
4fa03f26-f6f7-40cc-a9ec-8e49d1bdb8c0,46,13500.19,salaried,21329.95,48,814,0
edcb8cb6-0692-4c63-9424-aed51bac5c15,41,5065.11,salaried,19370.72,12,626,0
e87466d7-ad66-41bd-9367-6a024fdc6e1b,24,12909.29,unemployed,17429.23,24,440,1
f1043785-658b-4523-a014-1de9f54ad0a2,20,5729.43,self-employed,35107.53,24,780,0
9793b9b4-1374-4146-b2c5-bd89b70b3420,46,9999.53,salaried,1931.19,24,453,0
3e2b6091-a092-452a-94a0-57a7b0cc1b3b,53,14222.94,unemployed,26860.8,12,595,1
4d3485c5-c5c1-4eb4-b27b-3d901a16342c,33,5914.97,salaried,12683.54,60,768,0
ce3714af-99b4-4350-af2b-99b4d9acd158,22,3441.15,self-employed,30240.21,12,827,0
90e0f4a0-fbdd-4933-8bd5-8bf61efd76e9,54,5145.2,salaried,15272.33,12,661,0
8861fe18-58e2-4888-8a83-81bec85aca46,33,9418.63,salaried,33554.19,12,836,0
11a72609-5edd-4bbf-a959-76636daa2e68,41,2879.83,unemployed,27660.02,60,320,1
033d2bce-575a-4d2c-a5c5-650c8186a576,42,13353.31,salaried,32147.87,36,559,0
7d7ddbed-d284-476c-ab88-f83dd97dc9cd,65,2211.15,salaried,17895.32,12,640,0
5cb85aed-f5f6-4c97-aefb-63b11b049863,26,2576.36,unemployed,17588.82,24,775,1
75b17a55-d426-4982-a43e-4288a2b5b498,62,8220.91,salaried,40763.39,12,768,0
2d174fc9-6f7c-45ea-a72a-6d8eb5122df8,20,5814.75,salaried,39764.35,12,623,0
a6846099-f729-4951-8591-31d2bbda0242,37,8699.99,unemployed,24196.59,12,495,1
eb6c1016-cee6-44d0-9dac-6e8345241ea6,36,6640.66,salaried,43424.12,36,579,0
7701f7bb-7bc6-4e1f-864e-e6e389c5b31a,25,12391.45,self-employed,44584.84,48,695,0
97ac6aa8-bb24-48a3-9363-57b66f81cf4f,39,14658.41,self-employed,34911.36,36,831,0
3ed8c56c-da09-4fa0-9282-8d8044b591f7,35,12414.93,unemployed,21800.48,48,484,1
4767d76c-162f-4a24-af43-613cd4aac9a3,52,5818.96,salaried,4923.38,36,613,0
c01f36bf-3e6d-458b-b367-c28de1b294de,46,9834.08,self-employed,9165.59,48,659,0
ab0e664e-9c3e-42d5-91e1-aa9676f72255,46,2550.62,self-employed,31127.72,48,581,1
7e8adee7-0758-4201-961e-16d16105716b,58,14740.35,salaried,4677.02,48,672,0
7cd0129d-2e8d-4e87-9334-20e6d9d80b8d,50,12414.25,unemployed,8839.35,12,446,1
4223623b-cc3e-4dde-9ad5-cf06364d7c87,56,10815.16,self-employed,2705.15,12,541,1
989d9d4a-e15c-4666-8797-b2c957207246,59,6762.27,self-employed,47523.89,12,457,1
8e485223-46b9-4991-a14e-b70db380c73a,61,7848.99,self-employed,19228.66,12,440,1
30e912f2-f2b4-4abf-8441-aefd0299436a,51,6770.35,self-employed,32828.48,24,416,1
680bac63-b856-4035-bdc9-829015eabb27,19,11563.77,self-employed,26369.52,60,420,1
3d85de89-c217-4429-8e20-07247d137018,34,12074.54,unemployed,22867.38,60,592,1
b63b4dc3-a559-4463-b9e1-3ceab0cbc61f,62,13914.23,self-employed,10808.74,24,375,1
046a0df5-cafd-4613-b2bb-912d7da67785,46,4244.53,unemployed,22810.45,12,627,0
6786d506-38ba-4abc-8b53-05e517d2582e,60,6516.53,salaried,27949.86,36,607,0
a9f948b2-4e63-44bb-be49-3f43b118f68d,28,11253.52,unemployed,32247.3,36,820,0
8db06746-7927-4973-9e78-1fd794e0d3ba,32,3577.71,salaried,39811.22,24,805,0
ff233d5f-6ced-415d-9800-7c0287ea7ff5,19,6691.65,unemployed,19076.65,60,432,1
5a104129-54ae-4d1b-8ce6-424dbef59fe6,57,13495.2,salaried,16155.25,48,838,0
4e7ed827-455a-4762-b428-a656b3ee4d3b,44,11999.14,unemployed,4613.78,36,375,1
b8a6171f-1ee3-4dc4-bb04-8a8b405bfdc9,46,8055.83,unemployed,17881.22,60,486,1
be2d740a-1e9b-43bc-90c7-c006314d3441,26,7624.04,salaried,41738.15,60,456,0
b0ae8f08-c31e-4bbc-b36c-b62b892e6161,37,4140.54,self-employed,46802.15,24,654,0
bd1531c8-3764-4bda-b108-d4482f65fafa,51,13634.04,salaried,13279.66,60,581,0
96ef2ad6-b97e-4703-86c8-adfe7bf47042,26,10125.29,unemployed,27140.42,60,472,1
98c7472a-864e-4a13-829c-fc0cfa02eaec,55,14240.89,salaried,9388.83,60,645,0
d52721e7-19bc-443e-bb02-bebb48729a4d,54,2535.53,salaried,4979.92,60,571,0
5c62b3a2-3a3c-463e-8bd6-cee631b1b099,59,4740.51,unemployed,21412.75,12,809,0
b540b30e-039f-4a25-8d61-68bd2defe193,58,9092.51,unemployed,47875.86,48,550,1
0ba6eab9-4639-447b-a067-bdac88bd13d1,61,7279.2,self-employed,4575.68,12,461,1
4ac9778d-8da8-4ee4-8df5-6ac6f96b648a,46,7403.08,self-employed,10997.13,60,447,1
a34b6cf6-2053-4a42-b1af-db65b289f224,38,13199.31,self-employed,36975.79,36,708,0
1a432f0a-7daa-49f0-80b6-fce2de53790a,26,11888.64,unemployed,28520.91,36,547,1
48ca7651-92f5-4f7b-8323-d342df6a8f93,47,3592.78,self-employed,13148.03,12,351,1
5738811d-70c2-403f-ba8d-03aa782a65e0,36,14290.0,unemployed,21488.6,24,635,0
40a26c60-0d27-4659-b72a-da9b2f32751e,54,11374.67,salaried,38392.95,48,827,0
1d34d08e-7a4c-45d4-9c99-e04cf0e98b3b,47,8483.88,self-employed,25371.14,12,702,0
7de31a51-6694-4343-90ba-58e3d2762bdc,50,7944.0,salaried,11542.08,36,349,0
afbb411a-a123-4a8c-93b7-a88612f70c97,21,5657.63,unemployed,44234.63,48,592,1
cfa701cd-2631-400b-a6d7-94d30db95301,52,2106.31,salaried,22115.46,36,674,0
15ce6a66-4dc8-4a1e-b2f9-e5fa90164161,43,6757.19,self-employed,3506.73,60,499,1
8edddfcd-1e52-4770-bf89-7142fe716b14,41,9191.9,salaried,19931.09,48,586,0
989bc4da-9b37-422b-aa8a-616fc3b290d0,57,10845.18,salaried,7304.51,12,703,0
c693da11-39c6-41ca-9e50-aa42ca6dfda1,41,12333.66,self-employed,28333.76,36,447,1
e893be3d-7354-4a6f-a160-745985c7504b,30,9832.02,self-employed,25503.82,12,339,1
96a9954f-dc33-41f9-8c1f-55ab715629ee,26,11276.69,self-employed,26447.3,24,827,0
9191b363-4e2d-4645-adc7-cac7fd72b050,26,6263.56,unemployed,16607.97,48,606,0
f5c9b047-9c10-4572-8f6b-40d09efba58b,55,6372.85,unemployed,27084.65,60,606,0
c342bd2b-f295-456e-9967-5f06bd767e35,48,12604.73,self-employed,17230.74,12,726,0
43bfd931-3605-4f54-a021-c0ca3531968d,55,5999.81,unemployed,43732.86,12,785,0
3d67cde9-2834-44c0-94c8-b3b4a911d192,34,14571.92,unemployed,29304.09,12,791,0
2812859a-1337-439e-8d4f-5d272c7f0b79,28,8815.02,unemployed,31367.05,48,451,1
b07aa066-7354-45ea-a894-9b8d00af5b3a,61,5148.56,unemployed,47462.05,12,495,1
085b15fb-4a8f-4810-b84c-2f29980402a2,19,7733.5,self-employed,8420.13,24,720,0
48603b32-b4fb-4eb9-89c1-3de73b4206c5,50,12074.64,self-employed,43768.07,12,441,1
1238d630-743b-45a2-9c0f-2fcfb3f6fe0d,51,4695.44,self-employed,49908.02,48,838,0
43b9da13-ec85-4f37-bbc1-a987aff8754d,42,6078.78,salaried,23523.51,60,650,0
96fc734d-a003-4d28-8a8f-3653c9af18f8,52,6605.73,unemployed,34356.55,36,795,0
32a447b2-ef04-457d-8dcc-c33aa9434aa0,30,14445.39,self-employed,28346.25,24,604,0
398d1ca6-8b68-40b5-9d61-fac36cd5e859,36,11163.71,unemployed,35544.42,36,791,0
44007d5a-e88d-4719-a624-2b40a5cb63a2,40,9286.34,unemployed,14399.42,12,688,0
0f44704f-1247-4a4e-a469-98e8d39e198b,43,12638.91,salaried,15232.18,36,380,0
9854ce4e-4ebf-45c3-8ae9-b4a72a79ea68,40,14012.13,unemployed,13565.75,48,519,1
ebd34616-91b7-4d8e-9301-6989bfbbb17f,30,12763.37,self-employed,46718.17,36,440,1
77fc9703-1fd5-4423-b06c-5c5649e2623d,24,10003.8,unemployed,12724.82,12,843,0
670acc5c-b321-4f21-8dd8-eb85b04d3376,32,10293.28,salaried,5909.7,36,783,0
8a3c3b5e-801e-41da-85b1-ed25f1533ae8,24,10855.5,salaried,1253.89,60,461,0
9918ee46-1497-4658-b010-f7197e695d0d,44,10487.61,self-employed,24394.98,24,594,1
bc0a6a5d-6e99-4e3e-a3b1-37fc0a3450fc,38,5710.4,salaried,45488.91,12,537,0
069f14f1-4018-4c6e-9a8c-fa3c5283aac7,52,11602.92,salaried,45748.26,24,727,0
ac9ed156-f63f-4e41-ba9a-ca5e176132ed,29,14140.99,salaried,49861.42,48,807,0
964db03f-9340-4fad-9c4a-d56bd6016237,29,14175.91,self-employed,43960.42,12,605,0
c3c75611-ffe3-4a49-854f-92fff366bad4,54,9836.18,self-employed,14943.52,60,836,0
9384ec2b-44fe-4cae-9248-a9a7ac1aa554,49,13560.38,salaried,42701.93,48,579,0
2cd94cbb-c19a-458c-835b-1c8c0a4c9f7f,30,12514.58,self-employed,8962.22,48,563,1
7135f221-a6c9-437f-84da-d06a7872bdeb,63,4420.59,unemployed,17518.5,36,497,1
ff37d19c-2e76-428b-8735-44f9ea83bf00,29,9942.41,unemployed,44955.1,48,827,0
d0725b5c-a281-4044-af96-288295d82980,38,3127.59,unemployed,5673.87,24,788,0
785299f4-175b-498d-b814-01027de1bdfe,38,14165.73,salaried,13778.48,24,757,0
5230dfbd-5553-42fe-a889-803e5913f9d3,35,14402.45,self-employed,29540.58,60,311,1
292bd156-db94-4570-9ac7-0ec0ab8ddeb4,34,10497.88,unemployed,12578.83,12,776,0
7ed70ed7-b194-490b-a961-929e546e035a,37,4076.32,unemployed,25623.5,36,420,1
668409e3-f1f8-443e-a99f-131849c8a43f,58,13909.7,self-employed,19009.65,24,524,1
0964fbbf-8cd3-41b0-82b0-1cfdd045dd1c,26,8216.36,self-employed,37639.01,60,682,0
409d3602-5084-4242-968b-1625746f7891,44,11125.23,self-employed,38110.18,24,553,1
c5c5b37a-f85e-46a1-9dad-09b252c21221,61,11811.61,salaried,26749.83,60,670,0
d32e6dcd-83bc-4478-9d6a-c7b86778043b,22,13924.18,salaried,4026.14,60,817,0
de8ede0b-a85c-4e4a-804b-6fabfcf56188,30,9445.12,salaried,9062.32,60,752,0
0de051a6-69ca-47d2-b644-14fd8ae769ed,25,10843.84,unemployed,29574.24,12,822,0
9f64eeed-5c9d-427d-84b8-71bb300568d2,46,12513.0,self-employed,7465.27,48,767,0
71299889-a01a-4992-bf9d-3e64c1a6423b,54,2750.58,self-employed,33965.62,36,322,1
445dcc38-341c-4494-8d36-6dfcc28ebd70,43,5307.94,salaried,37544.42,60,374,0
49bc473f-ed7b-4656-a18a-15368c99a894,20,7508.07,unemployed,4124.24,12,370,1
7c16128d-b2c0-4394-a17f-29e170286046,48,2412.55,self-employed,9819.09,24,730,1
a14923c2-f920-464c-8763-fcd01f15c7b6,41,14907.14,self-employed,22978.32,48,684,0
b5b453ca-3d42-493c-8c9f-d3349bdf0377,23,10875.49,unemployed,43853.13,24,656,0
03802b70-8d03-491e-8f8d-5238288b78b5,25,4320.16,unemployed,20259.87,24,528,1
3985fb62-17dc-4eff-a872-13f98d605936,18,11830.33,self-employed,23687.19,60,734,0
1d0bc9bd-e9b5-45cf-9766-5cdafe049059,52,6930.59,salaried,13128.09,36,458,0
a5d04d53-1e12-42e3-b272-92b6762172ed,35,4450.25,unemployed,38509.01,12,729,0
eec259dc-7f95-497c-a76a-a6ced50755d9,57,11958.7,salaried,12792.65,12,403,0
b495db4e-8245-4fb4-8ab7-706eb77350ca,56,2436.49,unemployed,33929.16,12,550,1
7b85179a-d5b0-47e0-aa5d-932b45ff2c83,65,2575.08,self-employed,12482.62,24,357,1
74eff545-3e65-4603-b8e3-654bfaf14ff0,26,8550.65,self-employed,12473.91,60,626,0
30cbd755-6232-417a-a507-41818d1fb540,54,9772.93,unemployed,41100.74,24,609,0
bf0d073d-821c-4336-9970-cf60ebff8d15,27,14814.04,unemployed,11831.09,36,581,1
11df12d7-dd30-4e89-a2f2-35f2e11b868d,21,9237.34,unemployed,44105.98,24,737,0
dabac50d-ca3d-4859-85ce-099c46b82659,53,8443.07,self-employed,47137.73,48,837,0
c9a7d91f-ef2a-4713-9702-10496a39aaa6,38,11052.01,self-employed,8311.66,48,488,1
00a81de9-d20f-47d0-8465-6d6b81fb18b3,52,8155.74,salaried,15736.08,24,774,0
d664d264-4c6e-47ff-b9de-7a3a486822b9,21,9311.02,self-employed,28307.05,24,697,0
a8f1e091-ffb8-402d-9475-dbc996418ced,33,5314.94,self-employed,32688.59,48,679,0
7250ee18-260a-4962-9d81-b7f57d5911c6,23,8963.26,salaried,3525.29,48,340,0
551ac8ea-585a-4afa-bbfd-cc1289e06ab3,22,4446.12,unemployed,36490.96,60,522,1
6090d697-8b1e-4b9d-834b-9fbb8d4a75b8,48,4715.56,self-employed,15856.21,12,516,1
de9e3757-5260-401e-aecf-67d2749176f4,30,14507.01,salaried,37597.08,48,548,0
3d225c30-b28f-41de-bb14-0bc3304b8590,62,9857.22,salaried,20434.97,24,629,0
db23aa8c-3bca-4f85-a20a-60ac9261549d,36,6948.6,unemployed,32787.35,36,567,1
517400f8-0b2c-482a-a928-8e92c68a152f,41,8666.62,self-employed,23834.2,48,627,0
e9d68f23-b489-4070-b914-f8a8bea4ff31,31,6819.16,self-employed,3240.06,24,449,1
fd08b32c-62d6-4e93-a198-5d54cfb87e6f,19,5390.06,unemployed,29378.0,48,602,0
a6eab79e-d21c-42f8-8ada-4f80a9e782d4,27,4550.49,salaried,19612.15,24,811,0
f6febc0e-7ecd-4baf-a6f0-5fcffb16e5db,53,10509.9,unemployed,17540.65,48,802,0
f72169bb-8096-4718-a051-acef097a1e10,47,4187.04,self-employed,9294.02,60,800,0
19b17e80-dea4-4e17-94fd-9ad39716108e,29,13919.69,unemployed,49525.85,12,836,0
1986b4b2-70b7-4868-9854-80f0dfcaf0b7,20,12907.89,salaried,47314.22,12,306,0
03edd1f8-74f9-4d17-a912-b4bf86a4bae4,44,3787.39,unemployed,12340.24,24,309,1
def57689-68f4-4bce-a4e7-5e8eb8f21423,31,8574.53,self-employed,3962.06,60,794,0
1327f1bc-2784-478f-b84f-16b3a79fbfaf,60,8342.11,salaried,27078.41,48,312,0
43d88870-f81d-4aa1-8812-0a8e78308930,19,8882.43,self-employed,27251.17,36,317,1
65c17795-b155-46bc-9f8d-ed9756abf2f1,50,12571.04,unemployed,22098.09,24,409,1
541cdfcd-da0d-4a5f-948f-8b74a65bb1f2,24,8817.01,salaried,10404.67,60,558,0
889b78d5-dbfd-497e-aca2-b148da330aa1,40,5475.22,self-employed,4871.94,48,770,0
a075e927-5110-4492-b442-7e0b61484bb3,54,5161.7,unemployed,12067.01,12,332,1
7cea2045-c268-483e-a32f-2e63b7fddd71,23,7268.62,self-employed,28082.37,12,309,1
9e11d2cd-0930-4ef6-8a80-068ddf547e50,62,4227.99,self-employed,42421.16,36,397,1
af34cf65-a193-44b2-bc19-e71d118405ad,51,13948.98,salaried,11359.44,60,786,0
3a3c8a71-ff57-4e2b-8991-ab9bebc2026f,35,2605.31,salaried,34537.01,36,333,0
fa745761-6f18-4108-9723-199dbf2c14a0,29,14073.96,self-employed,1767.25,24,447,1
b4323070-a23d-4c2f-82a7-96891933918c,63,12671.73,salaried,15664.57,60,546,0
2a96e1e2-7194-4ae2-99ba-d7aedf615a5c,54,12850.46,self-employed,34174.71,60,639,0
0769165f-e746-4cb9-8ca9-cf07b1aa0f6a,42,11822.92,salaried,39734.41,12,812,0
0e5dd462-cbd0-4ef2-930a-37df0bc61066,65,14666.2,salaried,5786.6,24,377,0
6e417d47-5ff5-45ea-9bc4-40f14b1a269b,39,9867.19,unemployed,47788.06,48,634,0
697c3923-87fa-441a-be83-b91f25440fe0,19,10243.6,self-employed,25039.57,36,684,0
2e183554-cae2-4e66-ae8a-781390e0a95b,45,4414.59,unemployed,33372.92,12,602,0
9c07a751-1437-4509-acd1-586a2b840c67,33,11270.41,salaried,14130.63,48,457,0
aee1e86b-9ea5-46aa-a1ee-6c5bdeef580f,65,7065.09,self-employed,6220.99,12,615,0
9549c931-e9af-499d-bf67-1eec3da70577,46,6678.93,self-employed,6009.34,12,491,1
a34db7c5-760d-4bbb-bb70-b3a124a35cf2,45,7834.97,unemployed,26109.6,12,326,1
aab612c9-415d-474a-b5a6-69814104a8b5,23,6600.89,salaried,30249.3,36,694,0
771ad655-cdfc-4ee0-a61e-de900267deb3,18,5794.02,self-employed,39179.29,60,548,1
8beddb12-ad77-482f-89a2-3a89e6b5a92c,54,8774.36,unemployed,19655.87,24,575,1
f1faf665-7115-43f3-92e8-9d1028711733,37,5489.29,salaried,4100.09,48,582,0
4c955f6a-966b-4964-bcd6-bdca5876fd09,44,5896.78,salaried,18695.12,24,807,0
b0b862ef-6c9f-42b9-b647-8986a3917c99,56,10016.69,self-employed,6241.65,36,306,1
4d57d880-d865-469a-b4f3-310340066ff2,43,6318.82,unemployed,19614.61,36,750,0
da743152-627b-41a1-bfd6-f23232ffe294,39,7598.01,unemployed,48737.04,24,607,0
61a11729-3cb9-4350-9b4d-a0fe7bb38605,38,9841.75,unemployed,10841.72,36,481,1
4bbe4aff-9326-4ffd-9be4-bf5192698698,43,14593.43,self-employed,37008.84,48,548,1
059dd55d-4b94-4e30-b303-f438fe2110d0,38,6888.72,self-employed,18885.76,60,504,1
6553867d-a881-4fd3-947d-577bfa5a91ca,55,14964.44,salaried,34403.92,60,327,0
dd750e98-90e0-495f-8212-b554464458b4,64,8001.09,unemployed,11272.77,36,370,1
f93e08d5-bea2-4dfe-873f-6e1baf908e3c,44,10748.71,salaried,32033.47,24,558,0
bec39a37-9b3d-44bd-a91e-314e0c8e29e3,60,4003.86,self-employed,39664.76,12,759,0
e726be23-e776-4886-9534-ee1d7f2984f5,56,8230.05,self-employed,27184.0,48,337,1
3ae909fe-cc82-48da-8696-f5e64944051b,41,11121.25,unemployed,30097.18,12,411,1
3810ae66-5a31-44cc-8d4b-69a99b689c88,33,10548.82,self-employed,9150.59,60,345,1
402913ec-9ef2-493e-b0ac-7d7ba2f963a3,54,14786.91,unemployed,32690.44,36,740,0
c478f6f1-b88e-4318-816d-83edad81f8bd,24,2137.12,self-employed,11878.05,60,526,1
2303f6c6-d69d-42f1-ae4c-84ffa8c01f05,46,6863.55,self-employed,38844.77,60,812,0
a0a11839-e745-4704-98df-bc3ca0d4de3d,27,6484.58,salaried,24655.78,36,725,0
c9e26074-4f16-49a0-8a17-991ea5769411,23,3508.9,unemployed,7942.08,36,651,0
5d678bb1-945e-42e4-888a-93ec70d9c9f8,47,12195.51,unemployed,24663.37,48,399,1
e8dd5e5a-1712-4b16-a1a4-344fbb7bee03,46,11385.92,self-employed,16626.56,36,345,1
6a5e6920-bf5a-47e6-93a3-dd5a4b8c5bdc,63,3496.11,self-employed,32750.53,24,549,1
c958e75e-21d5-4971-b367-49b52cf6bf75,51,4267.89,salaried,17218.49,48,773,0
5da8d6d2-f8b3-4a8b-a05f-b8bc8a16a06c,32,12370.83,unemployed,10038.14,48,705,0
45c45a3e-e9da-484a-8075-9f1f87e5f0fe,19,11586.05,salaried,23029.18,48,698,0
e9ff1cae-41c8-4a8c-aa1f-955ad499da99,18,11161.56,salaried,14638.9,12,404,0
f7a67b94-7b5a-411a-b1b6-4afed31edf1a,52,4430.48,self-employed,10656.64,12,568,1
ded255d0-bf1e-4366-8b8e-63d4ce7607ad,60,13214.28,unemployed,48329.9,36,697,0
77e490c7-1d7b-4313-8de2-2f1c56b60afc,57,7103.07,salaried,18048.31,48,476,0
c1101266-2408-46dc-9346-d1a9f6802cdb,61,11177.85,self-employed,46015.45,60,386,1
ad238d36-dc32-4c97-b9c1-e262f76c8ede,61,3741.32,salaried,12690.06,12,487,0
65bcc272-fadd-4ea3-aca5-e2fdb966442a,41,11014.68,unemployed,20034.7,60,441,1
8eac0a33-cdf9-44a7-9882-b5c1f79efd70,54,6988.23,salaried,24846.84,60,477,0
6502d6a2-ca6a-4224-971e-16cc5da36f1b,53,4169.25,self-employed,7874.53,36,761,0
1fa382e8-895c-4d99-83b3-8eb403902c5d,57,2696.95,self-employed,47640.26,48,439,1
bfbf397b-ac3e-4b0d-9e5b-a13d746cdb77,30,12597.81,unemployed,25766.46,48,718,0
618ae305-95a5-4afa-831d-029fac1e86d8,61,8392.44,unemployed,42154.7,48,471,1
5f18e583-f0b6-483f-a377-f6f1d289f0ab,23,9350.17,salaried,15312.41,36,530,0
78b2b549-3bdb-409e-acc2-16a01bbc91f7,52,5752.71,self-employed,28716.87,48,823,0
f1738856-e25d-46eb-9e9a-9f83066803ee,25,9445.28,self-employed,38980.54,36,342,1
9c2e58de-ea4e-4617-93f8-382b8fb864e4,64,7737.77,salaried,49499.01,12,553,0
a2a9d4d8-102e-4de5-a5cc-8bf738ab854c,37,13372.53,salaried,23036.88,36,389,0
b379cb1e-e8cd-40cc-b6da-3ca0d2e82f38,46,13248.78,salaried,39005.95,24,514,0
1dde7969-6886-43db-a634-8e784d5c55c7,65,9643.01,self-employed,43191.39,60,738,0
0986bbeb-f23e-423d-8b9b-d93423c86d30,28,10009.97,salaried,40862.96,12,659,0
1dba1267-7e1c-45a1-bef5-18a64dead645,52,5654.11,unemployed,9250.49,36,596,1
899ca782-e323-4d1a-bc1b-dacc18e19331,54,5475.46,unemployed,49288.93,12,438,1
5efa9c5b-7421-4f46-a37e-4b0122bae10e,44,13943.99,self-employed,43485.33,24,435,1
b24cc64f-be3e-4e57-b30a-9e32aba4fc03,33,3901.16,self-employed,41595.61,48,801,0
965befdf-6b4b-4411-8a4a-0e2df22b5b98,27,9506.53,self-employed,31762.83,48,762,0
e2aa7a5d-278e-400d-ba02-66efbe055787,22,10237.16,salaried,20739.69,36,677,0
d56ce8ea-1959-4b5a-a7a8-f6366a35df59,47,14353.3,self-employed,29515.82,12,769,0
f065c817-687a-4850-9d9b-62317d45d8ef,58,10633.87,self-employed,42655.21,60,707,0
b0b63bcf-0860-4833-879d-0cdaf396ea37,31,14585.67,salaried,25241.03,36,590,0
71d79665-7181-4dcf-b79e-fc6e5edb0d3c,39,9115.04,salaried,28740.96,48,651,0
5cd8fe1a-dafe-48a9-bc71-e0bef3579560,61,11909.3,salaried,5879.16,48,316,0
5e09a9ee-af88-4dec-bb1e-143b196f4dfa,25,14082.63,salaried,22623.01,12,738,0
a5135ea0-fa53-434d-a6d5-901d8b621d41,30,14944.02,salaried,44225.24,36,462,0
46a02a9b-65ec-4acd-8f80-35f55bd20c98,35,3213.42,self-employed,13269.07,36,469,1
f2f25eef-1f45-4bfd-b7dc-67e030974b2b,21,7152.44,self-employed,36573.43,24,739,0
1777e8cb-7468-4b98-92fe-2fded918b3e5,59,3185.59,salaried,1053.23,48,379,0
a3b5cece-a446-4e72-b64c-911aa9ab364a,26,9717.83,unemployed,34319.15,12,308,1
0cf2b69b-0577-4ea9-b899-924698de8ebb,62,6466.46,salaried,49419.59,48,435,0
fd235def-3e5a-47e3-9560-db22c96b5edb,48,2920.77,self-employed,5377.22,12,405,1
34885a46-9088-4eaf-8977-6598203c8c25,38,6778.3,self-employed,7719.34,24,446,1
8de08fc2-c3e1-4a85-946e-f10411906f50,22,8896.61,salaried,30905.64,24,750,0
d0243d72-3748-467f-961d-33ba350843f0,40,11391.62,unemployed,37665.17,48,753,0
c63d04ee-541c-4a86-bba5-cd2fdea45c19,31,3126.94,salaried,7860.64,12,693,0
989240ac-e689-43a9-89e4-8e8c25c61c45,40,14522.23,self-employed,39762.76,24,583,1
fbe94499-dbc0-40fd-86fb-7bf300b9d4a3,59,3095.23,unemployed,30448.95,60,591,1
8a4b8f7c-2147-4a15-bcce-96f6250a4578,62,2348.72,unemployed,43915.53,24,830,1
1c24220e-2cab-47e7-8c6b-66e5402adf9c,56,8623.79,unemployed,20195.8,12,545,1
21bddb41-0699-4731-9dcf-8766a93b12cd,49,7016.51,salaried,25479.54,60,372,0
c9d6a63b-ca3c-4f5f-9bb5-c40c03cde2e3,51,13553.42,salaried,49357.24,36,435,0
040a3aae-52e2-4fd9-96bf-10ab3ce915e7,42,13190.58,unemployed,21622.31,60,476,1
20733f6d-0d6a-45b3-83ef-20162c9b662e,48,14407.89,salaried,1817.78,12,314,0
1d181ee9-86ad-4a8c-abc4-123ebde13c1b,34,4804.66,salaried,47485.32,48,818,0
72c22a16-79eb-4168-9045-56e5bee3eb79,36,10171.42,unemployed,38588.39,48,711,0
97fa7f04-8363-4007-9cae-9610c72c1fe3,23,10326.98,unemployed,31186.31,36,385,1
38b77c07-80fb-4296-b3b6-a09b1beaf6ac,37,3027.28,salaried,48741.36,24,849,0
ba2c98ce-0b19-488e-9d77-a45ef206c269,38,7079.51,unemployed,38397.98,12,617,0
a8addf36-ddf2-45eb-a8a3-f341c8819065,62,7687.32,salaried,3837.39,12,744,0
a4b1f991-7542-4646-8d37-a539857dd3b3,25,7893.83,unemployed,3696.4,24,422,1
ffa361be-0f92-40e1-87f9-7d05f6ca6b8b,18,11202.71,unemployed,1556.18,48,655,0
6d204496-66d0-4371-98e8-8ebb7a9e8eef,51,8723.9,unemployed,13703.1,36,429,1
b65feea9-7d82-4264-9ba3-62e7afa415e5,65,12154.61,self-employed,36913.86,12,330,1
e63658c9-12d0-498d-b18d-4d05e8e22743,39,12492.4,self-employed,26668.86,36,378,1
25f934bf-9bb9-4155-9275-eb9414aeaf5c,49,7917.57,self-employed,3716.52,60,470,1
9fd34579-4667-42ce-a04e-178c10d08d11,41,4045.03,salaried,44819.15,12,533,0
b64fa54a-8c61-4654-95da-75c1a21150f9,65,8614.72,salaried,43075.76,12,550,0
98eeac2b-fe9f-4caa-a182-f347533f5a72,20,8132.94,self-employed,46091.1,24,336,1
816bcb9f-7426-4193-8b7e-6b3c87d292a6,53,12440.5,unemployed,37292.63,48,529,1
cb08587d-1963-426d-ae21-8b099afd4015,38,5227.42,unemployed,16676.82,12,681,0
a79b44b6-da50-4fed-9d4a-3d81b3a7d0e0,25,8526.53,salaried,9787.87,60,347,0
8d244e3e-c4da-4ddb-a0b1-5abaa6a27967,43,2896.04,self-employed,43435.58,36,635,1
6e191042-370b-4063-9d90-e79eb888f6ed,23,9190.19,salaried,19077.05,36,611,0
69efafb1-3a7e-4e14-a359-eee173991a47,65,10095.33,self-employed,19045.41,48,500,1
66132e69-7418-4109-93d1-bf0f56c438e4,64,13705.76,salaried,8377.75,48,324,0
50032b35-1857-4baf-bac7-e2b96a7e4c36,32,9040.09,unemployed,42139.13,12,643,0
4140752c-aa44-4259-9001-8b7b6d4067f4,18,11866.08,self-employed,42601.29,36,406,1
afd380c4-2713-482c-b41e-a3ac5fd23109,31,8887.59,salaried,21570.98,12,445,0
175a81ec-112f-4612-b969-9ed2ec48bf55,63,5637.73,salaried,46142.45,60,722,0
6e8f75a1-17dd-4d81-95da-705cd4ef00aa,62,13642.51,self-employed,48753.18,12,397,1
5f65c8ce-bd21-4c11-be9d-61ee18b87245,50,3735.68,self-employed,4666.69,60,363,1
0f5ae9d3-8e6e-4003-a14f-3f12cfd01cbd,45,10611.77,salaried,12601.82,36,622,0
8fca7b6a-8fc4-4092-b4e5-59e596229348,43,11109.43,unemployed,16986.33,48,578,1
692ac139-1f4a-4ca1-ab85-fd595463adc7,32,2970.94,salaried,7669.48,60,411,0
f0ede303-aa53-419c-9fa4-bb9f5a856750,27,3373.55,self-employed,23836.7,48,423,1
ea74bb18-de3b-496f-ac45-96f6c012a0ff,52,6657.74,salaried,23143.94,48,571,0
49a214ae-f7e8-48e5-8d2b-91efb8976ec5,25,3175.47,unemployed,15906.53,60,341,1
1a85910d-5a05-4c11-8ffc-a6b199b479d4,31,12867.02,self-employed,8267.87,24,664,0
279c658a-3676-4ce5-81e5-c9f693f277cc,43,8674.98,unemployed,15643.19,24,331,1
d8e7012f-3968-4c81-bb70-c3b8a81fdec3,43,13109.82,unemployed,37655.84,24,396,1
8e676a01-d86a-4460-99a1-120e1bb43332,47,3324.8,salaried,6951.21,12,527,0
47503f1d-c33a-4f6c-9d69-1fba5e187b24,26,4575.73,self-employed,19239.75,12,565,1
6dda4f8d-cea6-4f4c-b9e5-8ff092f837d4,22,2283.4,salaried,10689.77,48,431,0
c4767556-f97b-42dd-8f9b-72aed85c16bd,23,13766.01,self-employed,7003.86,48,351,1
accb461a-9d13-4363-9f29-4a8bd1846c39,28,14013.71,self-employed,41262.58,48,808,0
9be71737-06b8-4231-8e86-7f3ca487eeab,19,6975.48,self-employed,9467.55,24,491,1
b18753e6-d457-4ad9-a867-a096edd877c8,35,5638.11,salaried,2697.82,60,551,0
45f50c52-2e2f-4f77-8769-79d644777442,59,5836.37,self-employed,44256.15,48,362,1
ebe9e207-4f19-4ec0-832d-4526b3e4110a,23,5637.09,salaried,21542.51,60,555,0
2e709838-0190-4620-99dc-abd056febfb9,58,14923.13,unemployed,39947.47,48,667,0
a847bce7-90fa-4b57-a4ac-2130deaf528d,48,9078.73,self-employed,17857.67,60,814,0
bdb025ff-2451-45a4-91d0-59b26699cd99,38,7048.96,salaried,2277.09,60,524,0
177d6e7e-07d9-44ce-b8c8-8faea2178f84,19,13644.94,self-employed,3870.97,48,842,0
604e46cb-3712-42d1-87cd-b6a1bf012e32,40,11968.95,salaried,48725.01,12,553,0
284bf962-5744-4596-b422-21676b7a2460,60,5134.99,unemployed,40997.97,12,524,1
530ac1c7-b8ba-4368-8fc7-77685ebbcca5,54,13004.57,self-employed,18385.43,24,480,1
98a21f1c-914d-4fae-b100-13a7c6deb2f0,33,9702.75,unemployed,35183.7,60,328,1
27d415b6-0d77-45a0-a222-b6a615bfbe97,63,11107.29,unemployed,28616.72,60,492,1
0cbd3c03-9e2a-44ac-8122-b5b3284c03d2,49,9047.62,salaried,25031.38,12,357,0
716fda0a-45a8-4829-94e2-86e5ac8936bc,32,9821.62,salaried,26795.98,12,639,0
9b69554d-7c54-435f-ac8c-3b6aa974d079,57,4619.04,salaried,17697.19,24,631,0
372f871a-45ee-432d-aa07-f2137129cec7,21,2284.87,unemployed,35530.12,24,413,1
585d3f86-1d23-44e6-8329-20b7c143f426,51,13188.7,salaried,19305.95,48,403,0
ad9fb00d-4882-473c-9c63-45ab6e0ed1e8,39,5922.95,salaried,48817.17,48,798,0
86e52753-7c93-46cc-97d7-a560adb14670,59,6124.68,unemployed,48468.4,60,665,0
3873e57f-0ba0-48e8-8ef4-92c1aac93316,32,10651.91,salaried,19540.82,36,430,0
0e0630cd-996d-4c50-bc04-a168652ffb49,29,11474.8,unemployed,47486.21,48,333,1
f200c261-4d29-41ab-b455-12f701f7c7ec,29,9831.05,unemployed,11823.87,60,406,1
c3a00c6f-2321-41e1-8471-04c036136e15,49,3828.36,unemployed,4812.53,36,627,0
1eb74b56-53ff-43a2-8a19-35014169b9fc,28,10270.43,salaried,41261.43,36,757,0
6e3f683a-bf3c-4140-bf54-a51101fa964e,18,5447.76,salaried,34965.63,36,562,0
88575117-6155-4667-a112-507c2cfa55b0,24,11365.38,salaried,19910.92,48,470,0
8f0881ee-8011-416b-bae8-8926b423ccde,44,8410.07,self-employed,18210.33,48,403,1
5aaab32f-ce63-42b6-ab05-347fd556b37d,48,12253.49,unemployed,32897.51,24,466,1
bdf66ba5-dc9c-46de-a5a6-74c212738a23,46,2958.22,salaried,15450.52,36,567,0
75b27455-04cc-4ede-afac-16730ad45230,24,2964.61,salaried,44508.63,24,376,0
5024bdc6-dcb3-4df3-93ee-cdc6ebd14d2c,53,14243.84,salaried,17559.58,60,794,0
67884209-92ca-425a-ade5-93329364f3d0,63,2402.91,unemployed,9084.86,48,460,1
4a1dab32-6aed-4dc7-a3e0-5309b5a1b949,21,3316.35,salaried,48745.52,48,571,0
f758dce2-0556-4aea-a7b0-32831d7c0098,60,5659.8,salaried,5699.88,48,802,0
f296d9f0-cd23-42c2-abff-e17b532401fc,27,2708.56,salaried,21952.69,36,791,0
b08a4895-d4ff-4666-b5c8-e90d9e3d750d,30,3260.83,salaried,9370.78,36,383,0
6fcc57dd-168f-4e12-9ca2-60c9eb7607c9,48,12969.0,self-employed,39458.95,48,800,0
6f887f28-3e49-4d09-9b19-d8b8d8302081,60,5445.06,unemployed,27662.18,24,679,0
1422373f-8622-48d1-a683-e10796c044d0,42,6802.22,self-employed,3186.23,48,776,0
beed10b6-4f6e-474b-9eda-b0276550f74a,34,4941.15,self-employed,28648.08,24,399,1
c77444cb-5543-4c3c-b8b8-f24e56ea57b3,23,10685.84,unemployed,21285.35,60,532,1
a21b0307-82af-485c-938d-994c2b0abedd,53,2792.79,self-employed,41101.86,48,848,1
31a3ac4d-828c-47e7-87d5-b7be1d30d990,61,13269.62,self-employed,29063.0,24,787,0
59e1ac09-5970-4859-86b6-e4ade7ea8d5a,37,3026.42,unemployed,2701.7,60,829,0
a53bc024-d1a6-4d87-b54e-2019ba35844e,54,10807.95,unemployed,8224.94,48,477,1
1a5165ca-3c7c-4d85-a5cf-0041d0a643fe,28,14638.14,salaried,7183.11,48,380,0
2c6a6e9a-3280-47a1-8187-222b257d5e52,61,7660.11,unemployed,8246.03,60,564,1
c257cf73-c29d-482b-a722-796e9a36d1ec,38,13840.46,salaried,5264.34,60,706,0
f387e1bd-2d59-42c6-934a-5a2fa7cf705c,53,6239.65,self-employed,26464.72,12,835,0
76c5a0dc-7e7e-4419-a0c1-4035c5d95f51,44,3462.74,salaried,8261.79,60,402,0
9458054e-c287-4f06-9050-f7efc1235c91,24,9314.89,salaried,39501.54,60,652,0
e1cde87f-ec95-4f87-ae5e-c36572eb7474,44,5433.78,unemployed,24793.65,60,784,0
fc8d5b93-a2a2-491f-a49b-1cd99082889b,20,4238.6,self-employed,8048.78,60,711,0
f891b0c3-dd3f-487e-92bd-c6619fe0a8c7,20,7145.31,self-employed,34835.17,12,786,0
70944bdb-26a5-44e3-90ee-7a92a09151e0,35,13661.41,salaried,17555.44,36,618,0
a1a27485-7134-4c2a-b80b-3657117b355b,35,12957.01,unemployed,34557.75,24,437,1
97674900-4651-4367-8bdc-43184d85a3d2,37,14664.85,self-employed,38927.51,36,575,1
12fe28bf-81e0-4489-9a18-e2a30e614bcd,64,7418.05,unemployed,5375.06,48,516,1
09a0a0f6-73b0-4091-b634-c1694f76e388,44,11632.28,unemployed,43492.26,12,827,0
497de16d-d4ea-420a-9e65-96540e9058b6,28,2853.02,unemployed,25832.97,24,836,1
fa34d2e8-dd3f-4d7e-a508-dc9513a4a492,54,2376.33,salaried,43883.85,24,359,0
98159d6c-9d71-4084-971d-abf9daf481a7,33,2429.92,salaried,45983.52,24,580,0
949077c2-7674-456f-a26d-719d81cf3252,41,12705.58,unemployed,20450.17,12,331,1
bd29ede9-cab4-423b-b448-83858de7ad6c,33,6842.07,unemployed,22859.07,48,658,0
e8b77f7b-7321-4f6b-8a80-76ece5582e16,40,4125.68,self-employed,37699.1,12,591,1
30307633-a6de-41d8-9258-17b7cf501889,19,7025.35,salaried,42837.25,24,526,0
80599b93-79c2-42e4-9ae1-a991524f93ff,59,4926.46,salaried,14185.1,48,825,0
73557b9d-0fd6-447e-b52d-4af2269ed4c9,19,13240.19,unemployed,1436.0,24,477,1
d65e59dd-e62d-4d06-8f9b-85581a7f195b,56,12411.24,salaried,13367.13,36,581,0
15969802-b6dd-4257-bb7d-9f1c57eb89b1,45,13641.28,self-employed,23490.9,24,777,0
0a0537f0-2c2c-422b-a568-95c6812a1f9b,37,10803.55,unemployed,20460.47,12,307,1
fdb1429e-7010-4d13-b526-b22d3f6c21f7,50,14992.58,self-employed,28511.4,60,589,1
9c1c3517-85d2-40a6-8629-5b5d707df251,37,10897.37,self-employed,4128.02,36,632,0
eafde7d9-5f73-4a3e-9d28-6aa428a39779,35,5394.91,unemployed,47657.2,36,492,1
c6435300-68a5-4c68-a32d-bb5e486bb6bf,27,8724.82,salaried,45084.67,60,713,0
0d67d38e-990f-4c5b-adcc-3daf569f3ab3,60,6154.61,salaried,36342.88,48,602,0
55ab946d-a5b5-4dc2-a181-c85eca0ac6ac,34,13789.85,self-employed,20025.47,12,494,1
8ed6ad5e-1831-4aa3-9466-9d1910df9974,39,11445.15,salaried,34629.59,48,667,0
4082cbb9-48bd-4b3e-a2f5-df2badaa44ca,50,5902.53,salaried,42191.3,60,485,0
f6e39356-a814-4562-9a00-3f16b9469bcf,36,3268.84,salaried,37305.03,60,487,0
267eddce-df8f-4197-9a4a-99b2e806133c,61,13694.69,unemployed,5375.69,36,528,1
a9e27ba9-952e-4abb-94dd-5061555736f8,65,13328.62,self-employed,39616.43,36,680,0
4f6b58c8-598d-4aec-aaaf-e5432434a678,34,9612.42,self-employed,42709.48,48,354,1
a981b098-b2cf-452d-a7f3-33b3f7baf55e,58,9586.47,unemployed,4489.57,24,812,0
b576255e-9854-4f22-a102-f9c964575bc4,25,13277.47,self-employed,26962.09,48,355,1
8f158449-4f40-422f-95b0-2530f020e992,27,3785.75,salaried,17790.82,60,768,0
54170a17-caaa-4bbe-a4bb-f962606e0e1c,27,6112.98,unemployed,9837.48,12,799,0
b3ecb951-ab8c-4f97-a0b7-1785d02ce0c1,39,10203.43,salaried,16357.29,12,304,0
ff4625af-bd20-463b-b275-b5f3d436a7a8,46,5555.86,salaried,29237.67,24,801,0
17ec889c-86c1-46cb-a996-30f7af77520e,23,3682.28,self-employed,32040.89,48,739,0
822c4d32-6c64-4c15-aba3-01cba561e1e9,48,6983.11,salaried,27155.35,36,314,0
4f11d8dc-5cd3-4369-84aa-c1b75ca0c428,38,11839.02,unemployed,10338.26,12,554,1
577bc55a-36d5-4494-b37f-d50d2e25b5ee,32,11015.82,self-employed,16292.52,12,692,0
31274148-7c7c-404e-8422-d03ef29a6339,50,9652.72,salaried,4199.06,12,605,0
27aa7cbc-2337-4bbc-bffe-77c839feb99c,36,7927.04,unemployed,30222.13,36,744,0
c9c23e69-d82c-4565-8bb9-07ec13c11754,61,14941.14,self-employed,49810.81,48,667,0
8a2e6a93-c558-4bb2-81f7-f3fb19e45c6a,30,4143.49,self-employed,1937.11,24,434,1
86cac6f4-e238-4e93-bd17-c5e8d5ca69ab,31,11543.0,unemployed,25727.04,12,675,0
e05b46c5-5636-4094-a974-31db09a9d1c1,63,10457.02,salaried,19384.43,36,847,0
98e52499-218c-4e1c-9e37-4f7ac42cbc39,57,2631.63,salaried,33436.53,12,349,0
2e4bebc4-2989-4880-a77d-1be96070b6a1,62,3505.27,self-employed,19632.43,60,558,1
9feefdff-c566-4a81-b15e-54f6d4d30795,48,11124.29,salaried,35064.41,12,608,0
b89f72f3-2a60-4652-a714-7668cf1d7d3a,44,10601.64,unemployed,26495.15,60,440,1
5d42b9e9-692e-47b6-8b2f-6d5c700b5d5f,44,12798.49,salaried,26067.65,60,420,0
f836f571-3cce-476c-b836-c448ad261ec5,36,3482.16,salaried,25389.21,60,504,0
c09cb506-48f1-496d-9c4f-fb4671b701aa,34,12809.48,salaried,18538.17,48,602,0
3be79df4-72ec-416e-88a7-23e9bfa016c2,28,2512.27,self-employed,45607.47,48,638,1
f7315749-4f39-49a8-bd3a-258288b4f474,33,2035.59,unemployed,5361.14,12,805,1
e76adca9-7811-4802-88cc-7cfecf01f944,27,14342.8,unemployed,4677.36,12,562,1
ada58417-5e2a-432d-b1ab-0b56d5c9fdc7,59,5005.08,self-employed,13942.13,12,402,1
70cafdd8-fc04-4f08-9207-0158f2771f63,29,13363.83,self-employed,18650.52,36,736,0
c7332304-4822-4120-84f9-eccd7630a8a7,65,3506.71,salaried,1473.94,24,474,0
6b2d5b09-8707-4ad4-80be-7e3561c2645a,39,6647.86,self-employed,47799.37,36,395,1
331f63fb-d11f-48c0-a97c-a4fff75d599f,41,12594.54,salaried,6577.77,48,767,0
df7d0dd7-236e-4608-9acb-394acd1f5318,35,12864.21,unemployed,42682.91,48,470,1
7b07fd31-a424-4f23-8d5b-a7cd400035f0,25,3722.65,unemployed,3873.67,24,406,1
ef2ddcc4-8df6-41da-9f07-c1a5dfc620ce,44,13845.95,self-employed,40310.97,48,485,1
8412a335-d88c-456d-b61e-5fdb1a435206,57,6936.76,self-employed,30956.56,24,794,0
1578d709-48f9-43d0-9fea-e1e0d9e604b3,49,3468.19,self-employed,22593.71,12,567,1
73069588-45d5-468d-a90a-3abbc35b9fea,59,6085.09,unemployed,43548.28,60,529,1
d4bf7a4b-25b8-442f-836b-15c7e7c225da,60,13350.87,unemployed,26632.06,60,397,1
e916da57-f248-43ab-977a-8a5f6ffe33b3,45,10602.27,salaried,24614.55,48,452,0
e27718c5-737d-4fb6-9113-76e038d77b9a,53,13596.8,unemployed,3673.74,24,817,0
6a36af18-06d3-4b93-ae33-688d597e6845,48,13074.32,salaried,4668.4,48,628,0
5fbbf0b1-8083-49c8-a57e-01c90da23e5c,33,6301.63,self-employed,3467.19,24,687,0
14e4180c-fe99-46a3-a2db-c8503c5bf3a7,43,12622.34,salaried,23495.64,60,758,0
519554e3-0737-4c86-b97b-5f515ffa46ef,23,13135.66,self-employed,16487.01,48,318,1
b6f6dbf1-d6d4-41cc-995d-82f8ee4a9b5d,24,7244.72,salaried,28299.42,12,393,0
25637cc3-ca97-4bf5-95d5-96afa663d2cd,56,14521.23,unemployed,15925.3,60,511,1
eada79a3-4970-4d9a-89ce-3cfb2339ba19,59,10729.17,self-employed,18803.78,12,528,1
d4c3a832-b231-460b-b8f2-ce6bd46b415d,47,6315.64,unemployed,30397.61,36,763,0
781799ff-b49e-44cc-8243-69e72387eaf6,25,3266.68,unemployed,11865.61,36,663,0
e7e646c7-0158-4463-9d87-76a072d78bdd,58,14537.64,self-employed,27836.84,36,408,1
3735262d-4184-4b03-84dd-7054144823f7,20,13659.4,self-employed,7882.01,48,409,1
f0b2a5d1-8c7e-4f42-a646-eaf9d5c0244d,34,9941.07,salaried,6916.54,48,520,0
6c5a6c93-871c-4884-9bdf-90f2ba2c0f19,47,12719.2,salaried,36122.61,12,724,0
3cd5fd7f-49c1-4669-86b3-3fe61c76bdf6,20,14046.14,unemployed,29851.74,48,768,0
3d0a5f0c-0c39-4ec7-9f31-74054d183eba,60,9661.11,unemployed,7597.16,48,304,1
9f708368-cb3c-48ca-a392-57316b79afcc,51,11570.78,unemployed,46830.11,60,794,0
d6312a80-1c61-4ec2-9014-2131750565f5,50,12154.06,salaried,34899.07,24,431,0
893ad232-98c3-43ca-bff4-cec6e7b7b4c6,24,7036.27,unemployed,30701.88,36,816,0
93364f7e-83ef-49f3-a1c7-cc8a04351b64,42,7442.64,unemployed,45879.6,24,580,1
4a90cd0c-24c1-43b9-b7f2-85723defa849,43,14526.72,self-employed,23189.44,24,441,1
5a5226e6-9d64-4932-8066-853d6de299a1,44,9832.82,unemployed,26102.44,60,621,0
2ff3cde4-6aa4-4c9f-9217-04753d959e3f,63,11578.64,unemployed,31996.58,24,514,1
8603156a-15ea-4bcf-ab10-21ceaa143cd8,57,11287.0,unemployed,17919.39,24,482,1
f4124360-1153-4e99-9c50-8720f982f4e0,50,9052.39,unemployed,16796.69,12,660,0
c9525185-81e0-4a5e-8b48-f49686abd4e7,53,8244.81,unemployed,47191.01,48,846,0
0534a101-8ddc-4719-81f3-8dd4fd034ada,36,13407.2,self-employed,40606.93,60,409,1
0b251279-785a-45d0-9f92-a62163f4c69d,19,6951.31,salaried,33842.45,24,573,0
5f90bed6-fb25-464d-a30a-a767a2bb522b,28,14785.92,unemployed,13277.49,12,602,0
5b6a8102-0428-4378-bf50-23f440ef3935,31,11796.72,salaried,18575.44,48,404,0
3dba6da8-5844-49fc-914b-9547c9dc72b8,57,13284.46,unemployed,28532.36,24,698,0
1a89b71e-a0d5-42c8-a837-fe68bba205ca,33,8641.99,unemployed,15094.29,12,690,0
c1b5b5ca-bc35-46df-94f7-9dbac5811d2d,42,7415.36,unemployed,16320.05,60,355,1
5a304528-0b59-4562-a227-219f551ff086,18,11667.71,salaried,31407.52,48,530,0
a48e40f1-d042-4dfa-96ab-087a8bc78e81,58,11160.18,unemployed,19019.31,60,501,1
af475b49-c775-4395-9494-05f02cd2a404,64,14535.77,self-employed,22991.93,12,491,1
7a8104de-b205-47bb-bb16-f75776f186ab,29,11556.03,salaried,19482.71,48,585,0
2285b2ef-cfbe-4fe9-aea9-c542a1b970d0,53,5435.11,salaried,29615.32,36,305,0
f1901b7e-c6b4-49ef-b74e-ba9310275b53,39,8062.31,salaried,2957.09,36,352,0
339b77a8-4b1f-4d7b-8977-c513752a7d25,58,10002.91,unemployed,15756.59,60,666,0
e2c328aa-3310-4475-8a86-22250b36e356,22,12192.41,self-employed,26744.36,24,833,0
4f612217-eef1-4694-90ca-e32d0aba590e,22,12221.36,salaried,21380.63,60,713,0
d0be73ee-fd37-4539-a5f2-02f983f02dc7,23,6542.24,salaried,33503.39,36,669,0
095ffa81-40d9-4bce-b930-ba208b040f49,36,4839.79,unemployed,26994.45,60,309,1
493e904d-30ec-4796-a59b-457fc0d7ac73,25,10696.2,self-employed,12777.05,60,549,1
0c3ce284-c7e5-4bbb-9cb5-1c535b62a8df,20,10873.17,self-employed,19687.26,12,695,0
45f18619-54f9-4429-a7de-02ccdda4f4a7,34,9023.09,self-employed,2210.58,60,683,0
6fdc0bad-5e36-4127-8ca1-b45c1fdd980a,50,12436.62,self-employed,24853.43,36,497,1
7092947d-be49-49ec-a667-d3bbe3b56360,38,8680.63,salaried,9202.35,60,846,0
56cb1ab0-62fb-46d7-b4db-ca07e506f670,18,10150.13,salaried,33846.42,24,734,0
b12b6680-7f07-4cb9-afd3-40c0f945f2fd,24,4672.53,unemployed,44053.22,48,373,1
cc1b4157-ec9f-4c54-9e0a-72ab7f5db163,65,10918.57,salaried,23502.04,36,338,0
15260718-cd18-4a82-8447-ceab84ef4324,23,2952.22,salaried,39916.52,60,372,0
6e3c4532-1434-4f62-acac-028cba220065,54,12681.05,self-employed,20974.01,48,714,0
2e326567-d284-454e-bebe-c0db9a3a6103,45,6113.26,self-employed,33991.64,60,306,1
1a43db54-523a-4993-8b34-46bc8ba435cc,59,11363.71,salaried,38042.07,60,346,0
4baf0f5e-a932-4094-93f2-8f11147f6570,62,13027.27,self-employed,46474.34,12,596,1
b7b8c1a5-9a45-493d-b227-890e4e76833a,61,5917.56,salaried,14794.35,48,690,0
71a3fad2-b094-4d2a-aaa9-3b436d15f16f,43,12687.59,salaried,24225.4,60,525,0
ba108217-0ad7-49a2-b277-16ec59fefbbc,26,11707.8,unemployed,15453.94,24,605,0
9d66e815-5a41-43b3-a95f-176cdebac186,61,13530.72,unemployed,32749.09,12,444,1
a3b442bd-4649-4296-af58-42c3ff86cc31,25,2543.05,unemployed,30236.09,60,387,1
0eaf04b5-f2a9-4c8a-8a9e-4a62fae3114b,37,4730.69,unemployed,45273.77,36,516,1
67fd64c4-a334-458a-abd2-b5121335e5db,44,13773.16,unemployed,7980.3,24,526,1
bff9507d-cd14-403e-8359-9af65d01f55f,57,12851.73,salaried,6616.5,60,355,0
07f8d4f0-f3ea-4184-a8f4-e3ceadedda80,53,7996.45,unemployed,4584.08,12,556,1
ad973b67-9b89-45cb-9942-644c248d31ec,24,4566.43,unemployed,24872.33,36,665,0
20509c62-08e8-45d7-b02c-1821c8040fb7,26,10726.84,salaried,5902.21,60,371,0
a52964ff-c74c-4890-bc6a-3174113634a5,30,6131.22,self-employed,17088.96,36,456,1
f31046dc-6202-4ee6-9cb5-e69c5dc7b3e6,54,9369.2,self-employed,47974.29,24,304,1
2747b93c-9ae7-4eab-884a-67809136f1f8,38,5200.28,salaried,35897.76,48,583,0
5ef787b8-f2e6-495f-b32e-2016add702c9,41,3745.98,unemployed,17246.58,48,773,0
13aec376-c359-410a-b1a6-014c5f3c44dc,46,6663.64,self-employed,24861.6,12,479,1
5df06e8c-878a-4ed9-a33f-fc8292ec89af,59,9886.16,self-employed,43076.97,24,501,1
4758367b-a649-4cdc-907b-907265e58f34,34,11536.08,unemployed,4746.66,12,319,1
06a241af-1d0a-47f7-b5e4-a4713fe68c9c,50,10211.14,unemployed,29366.14,60,517,1
848af440-7fc1-4858-afa0-d842bc55300b,20,9170.72,unemployed,44805.31,60,783,0
1e2595b8-8fc9-486b-a9dd-ebf563119aca,59,12077.56,self-employed,20232.42,60,597,1
b43bd27f-42a2-49a6-8664-12854303cbc1,26,8041.11,unemployed,5437.15,36,814,0
9ca3fbb3-ff11-48ba-b6ee-1640723ef466,18,10614.82,unemployed,34523.92,60,443,1
ffa623d0-ea9e-4c8d-b1a8-b71f491b90e9,46,4069.89,unemployed,47486.88,24,795,0
22bf18f5-1f65-4a87-b33e-e3447dbf4bc1,40,2525.46,self-employed,12355.75,36,678,1
2c33350c-73b9-41d8-92f5-131ada52d2ee,32,2556.51,salaried,26376.38,36,697,0
ff4c96d6-71f2-4e8f-b69f-68c3e60fd420,48,13932.73,salaried,2955.33,36,405,0
f7b217c7-ae92-4a71-8f7d-cb431679742f,63,14589.74,unemployed,41652.71,36,478,1
aaf78c67-51d0-4109-bc90-2838d8741408,42,10497.78,self-employed,29796.26,12,829,0
8ccc9cea-109f-48ee-b5a4-720058f0dd23,34,6892.27,salaried,26302.22,36,653,0
4cc9f5f2-e42e-4037-8a55-2ea08acbbe09,49,12304.55,unemployed,1323.29,24,750,0
b5a5f8e6-b639-4f04-a852-4385d9f2dd0d,28,4989.88,unemployed,32530.37,24,453,1
2c913a7c-a340-4f08-b341-91b8ed6522b4,29,4045.65,unemployed,36147.83,12,535,1
3967e60a-823d-4107-9c8a-c066cb2fafa3,44,12545.24,unemployed,6553.6,48,790,0
cac4d0eb-3373-430e-bc31-a5971f119c0f,31,9680.28,unemployed,41834.88,12,549,1
7e7838c9-ca55-438b-bc9a-be10238d6f44,20,3662.51,unemployed,8895.33,60,340,1
9280c5aa-8dd4-495b-9c63-b6f306ba8cd3,54,3909.25,salaried,13654.72,24,829,0
fba6abf7-cdbc-4653-b7a7-e8b75e70f65f,43,9791.65,unemployed,32243.51,36,387,1
e25df9a8-9ca8-45c4-a138-afe08d38bbd8,31,7839.64,self-employed,43497.82,24,524,1
65edcfe3-4f2d-4d3f-90d4-de39161237c9,44,9810.9,unemployed,41202.21,24,823,0
7a89cbeb-b807-478a-b788-f5d1ffe575f6,34,4180.38,unemployed,17790.89,48,370,1
68d0a2a8-c4e7-47dd-a929-de738693fd9d,32,6916.75,salaried,6319.94,24,835,0
20156a72-12e1-43a6-932c-ae01d2c65ee4,50,10896.78,salaried,30670.04,24,787,0
12fc7a87-a470-4d48-9128-b9b1f8ede0ca,57,9797.58,unemployed,25663.13,12,395,1
8471b4b0-ae1b-4f69-b740-d83173318749,48,10572.1,unemployed,27425.01,12,741,0
d43cdd6d-e0c1-4f1e-a0da-897258321ee4,51,7468.89,salaried,35184.5,48,534,0
96792482-a3c9-48e4-8d22-38e6c7bf4fbc,48,12264.22,self-employed,18175.37,60,400,1
21084dd9-f75d-4e3c-848d-56502e9522d6,45,3740.48,self-employed,38527.09,12,590,1
de431e06-e924-4069-80bb-ae526ec01269,56,13397.96,self-employed,13632.44,12,307,1
84a2576c-1fc9-45f8-94d6-07350e2f8958,54,8793.03,unemployed,1352.51,24,623,0
2976aab2-2a26-4770-8ddb-1b36272c0588,44,6709.51,salaried,21877.51,60,559,0
39b86bb2-b596-4a7c-af4a-fa885299e505,34,13114.7,self-employed,28668.84,60,582,1
84d67c4f-f0df-4684-b28e-41225894f7f1,61,7166.9,salaried,21248.18,60,794,0
143029a9-d88f-4c94-88b7-63d5e519dd7e,29,6812.77,unemployed,24704.25,36,652,0
f4d375c1-a293-49fa-b240-d7a14027ab7d,63,7175.69,salaried,42894.95,12,535,0
a0017720-200b-4903-8642-6c458d03f17a,46,12180.42,salaried,5913.65,60,710,0
17eaec83-8892-442f-9d4b-2bf94d85e9c7,39,12411.1,unemployed,35155.81,12,464,1
9780c215-2b2b-48e9-a417-c09380a8a23d,42,14539.41,salaried,40414.1,24,782,0
2bd3cdcd-2779-4685-94a5-3fdef10d27c8,56,7659.91,salaried,13891.51,36,381,0
e6e987ca-b87b-4384-9fdd-de2ea8a2b7ad,56,2490.82,self-employed,46603.56,48,833,1
ec86a890-d7b0-4bdc-966e-3cbe9aea622f,36,11250.88,unemployed,3815.69,24,806,0
dd20c3bf-d342-4f08-8a8b-b5b490494583,46,2139.24,unemployed,46607.16,60,592,1
f2d3f761-0ba3-4279-94cb-056407437c3b,30,2436.92,unemployed,26016.84,24,473,1
43c07d43-93a7-4792-8561-b8dca4364fcd,61,2468.79,salaried,33095.94,24,388,0
92779574-c457-4cc3-b5f7-89bca6b07458,35,12135.75,self-employed,33813.44,48,505,1
07c0d116-a394-4d54-9e3c-5a886aa56e6d,51,2199.76,unemployed,4362.24,12,591,1
8baaf744-a08d-421b-a395-4cb17f7f6c0a,64,12786.94,unemployed,18056.67,36,531,1
4d560a3d-f4e7-469a-a454-09374a27ebf2,56,14519.74,self-employed,46555.98,60,304,1
ceae71cf-ce00-4af0-beb0-51817ba24588,34,4275.45,unemployed,6216.78,12,815,0
741b77f5-4c24-4053-a7f5-ae02af5b8f47,36,6419.56,salaried,40344.17,36,850,0
2877f5d9-0f56-45f8-b048-faa112ae5c22,54,5251.84,self-employed,48336.72,60,795,0
76e5ae78-7bf7-41d3-aa66-2fce7089fc6d,33,11847.15,self-employed,34398.14,60,328,1
24c778a5-9b4e-464b-9716-dc2e343ada2a,48,3511.49,salaried,19750.99,24,535,0
51beb80e-b7e6-414c-9c8a-49225005680f,38,7361.54,self-employed,26308.71,12,569,1
586a346a-dc5b-47d1-bcef-1972bbf483ce,33,5734.76,self-employed,34011.2,36,377,1
c2baf0e0-2179-43f0-a612-4ab4f9b21e6e,53,14108.15,self-employed,16379.77,24,575,1
1b2ededb-8fc8-4fc0-83d5-bceb5edbb8ee,29,14312.54,unemployed,46582.51,24,810,0
1f5d988f-776a-4f09-bde2-885951b1943c,65,4595.67,unemployed,12860.77,36,511,1
24108e9a-3f77-4cae-b318-b96d44790612,32,4635.97,salaried,41980.4,36,459,0
f204be89-4a4b-4563-8cf4-77ef18c8a616,24,3558.42,salaried,34114.79,48,306,0
6b0ae0e3-9d89-4047-9d39-d7936257a4a2,52,14453.91,self-employed,19188.63,36,804,0
e6fdd7af-dd84-4acc-b672-94643f8ea40a,54,13293.99,self-employed,9960.72,60,586,1
ef0a573d-53d2-456d-9040-158728e213bc,43,4887.21,unemployed,7284.05,60,733,0
3098f7b2-500e-45c0-b89b-df7f93e34c35,48,14215.51,salaried,25621.29,48,478,0
fef7d9ea-7f8e-4483-a8ca-aa1dc35bec2c,47,14694.59,unemployed,26392.05,36,308,1
e10b1a47-7fae-4748-b781-321e83c501cb,18,10763.34,self-employed,29469.4,36,670,0
170d7507-05ee-41d4-bf53-a88e4efc8248,57,13203.95,salaried,27879.61,24,575,0
750d112e-8164-4eec-a4ab-851bf1fac6e7,48,14460.85,self-employed,18930.28,48,734,0
95560a2d-3713-4466-bda0-6476f778c676,31,7448.21,self-employed,18888.82,48,586,1
4806f804-0cf0-474c-8c74-dc0f5a575539,46,4338.56,salaried,48984.35,24,402,0
d7c4fe9c-e1e0-4ffc-98f6-fd7f7eb162f1,64,5509.34,salaried,28211.66,48,500,0
4926ce5f-7878-4140-ac2a-4f71a77d95f1,27,12400.49,unemployed,8327.85,12,480,1
1b84edc3-d8e0-49de-8217-ea0e896490ab,44,8494.77,unemployed,26333.34,36,798,0
43b47ee5-e1e8-4e7e-a249-8f666e51484d,37,5262.66,unemployed,3337.76,12,467,1
673ba8bd-c38c-4dec-9da3-9a73ba3df7ff,21,4801.08,self-employed,24350.43,12,760,0
0d18ab95-668c-4477-8b95-017c5dae1201,65,6350.54,self-employed,18655.02,60,563,1
5cce5ba9-31d4-4e09-8fd3-3afc91fdfa4f,40,2257.86,salaried,18203.43,60,503,0
62e7c1a6-12d2-4a06-89e1-cd138da00495,54,9486.63,unemployed,27383.47,36,663,0
8cc36f3b-c3af-4cfe-b34a-6ca38116e3fc,38,10751.51,self-employed,38962.47,48,380,1
9f8cc29f-fd35-4c5f-9347-9a3b479bc637,42,9977.63,self-employed,31953.9,24,471,1
20f0156a-1e6a-4628-9c6d-52d5ae2e9af9,58,12500.32,self-employed,21669.01,60,714,0
5f89ed12-64d6-4fbf-98c0-1e2bf99f0704,22,3028.46,self-employed,12182.68,36,598,1
8ece1128-56ce-4b42-bc9e-1dcbcb7e6268,63,5477.14,unemployed,20377.31,48,671,0
24eeb4a6-c145-45c7-9d98-6115f05eeefe,65,9629.96,self-employed,21285.46,24,323,1
66c14dca-8255-4a61-9a3b-031932f57510,26,11461.04,unemployed,13330.7,12,515,1
09f64405-0b99-4034-8a4e-255280051b10,28,7161.59,salaried,4125.83,48,355,0
cdd0b4d4-5542-47de-b6ad-f48b2314d0c8,19,12022.14,unemployed,38484.82,12,406,1
2620f9a9-74fd-43d1-84f2-fd0f79474bfa,34,10035.33,salaried,33086.8,48,616,0
23c8afdb-83f8-4f16-a4a4-474c9b33e3a4,32,5216.15,self-employed,22714.86,24,434,1
518b2f21-9cf2-4859-ae6e-2e7253f591dc,51,12900.73,salaried,2722.59,36,633,0
9dd2f9de-fd98-4e33-a498-abe92999bbef,48,8073.52,unemployed,46808.02,60,755,0
97fe56c5-4c9a-4f24-97b4-c294bd44089d,26,14604.05,unemployed,27425.09,60,767,0
827c9f8c-d40a-45e9-81df-6517561c9210,58,11735.85,unemployed,22313.89,60,617,0
901bcdef-b56f-48ce-bd66-971e88476c56,40,8261.47,salaried,40430.68,48,615,0
044251db-d0d4-4a67-b992-8faa4cbf131d,41,7358.65,salaried,15875.07,12,835,0
1c0f0bdc-ac7e-437c-94cc-1e2a5e4cb287,26,6470.5,self-employed,27219.85,48,788,0
4ec3f970-956d-40e4-aaa2-6216fada98f5,37,2118.72,self-employed,40100.27,60,536,1
df41e335-b9ae-48e4-a615-99c8cbf81f86,18,9126.76,salaried,21175.06,60,747,0
98cf1188-06d2-4913-a117-3719b023a0ea,43,5248.65,unemployed,37118.77,48,687,0
a7d4cf50-f791-41e5-83f9-cd6b797ebe87,32,5418.74,self-employed,31640.83,60,578,1
9416e4dc-c6b2-4def-b8d8-b7f1c86c6544,36,10429.94,unemployed,40631.62,48,492,1
0d259caa-b8ad-4d87-ba40-45dd93dfd907,22,4371.29,self-employed,6407.46,48,763,0
86341718-2ba6-4db3-bafe-b1149561c813,35,11106.14,self-employed,10201.68,12,455,1
c64c9647-9ea7-417c-b89f-7039a107cc46,21,14606.31,salaried,10110.94,12,588,0
d25864f2-25d4-40fc-a154-2765d756ba9c,35,3625.51,self-employed,36628.25,24,392,1
9293f705-0815-4147-be00-980eae441e21,27,2191.42,salaried,17753.73,36,810,0
30d73df7-1c22-4cea-b355-56a5f2bd92f2,41,8027.9,salaried,17182.18,24,357,0
6b352f85-504e-4687-b0e7-e75604d9145e,35,12083.49,salaried,27616.41,24,496,0
34323ec6-b0c4-401c-a9b7-c0fa26c432f6,34,12624.26,salaried,6976.12,24,694,0
9c89d374-c664-45a7-8077-3e33690e7e62,46,5213.11,salaried,10759.81,12,833,0
d92f3c1e-df70-4b2a-b8bb-22a5eba742d2,60,14767.51,self-employed,20067.03,36,630,0
b4adaf89-0ff1-4a9f-ba37-0623bc5fd4dd,28,10179.14,salaried,37491.5,60,833,0
8f964685-3514-4890-84c8-6c4623595fa4,25,5293.07,unemployed,15641.84,36,353,1
7a768555-a987-4218-bf84-faef5336723b,60,4831.25,salaried,12562.33,48,632,0
f4e95734-5052-4700-a077-96a38685abaa,18,4175.68,self-employed,29650.15,48,548,1
887b03e5-e980-4808-b5ac-824c2c55aef7,18,14594.85,unemployed,39390.29,48,458,1
ad05b912-5ab2-4d4a-8bd8-8fcd57a2be4e,41,12020.36,salaried,8727.22,12,646,0
ae455cc6-b88e-430f-9e1e-994ac5a11f5c,58,2780.68,self-employed,32584.17,60,409,1
43ad3d62-b17c-4b21-8dbc-2c1ca4afe7bd,26,8341.96,self-employed,49102.11,36,749,0
f5141058-3138-4975-bbf3-3a349c2dfa97,64,4508.55,unemployed,19510.68,24,556,1
4c6a70f4-8ede-444d-876c-f68c3f1be0d0,20,8308.93,self-employed,28392.21,60,801,0
fb756923-f910-4bb3-b105-32523990e2c9,30,9367.12,unemployed,18035.57,48,581,1
b4746349-49fc-4cd8-856b-ad4c4c3077c4,56,13888.16,unemployed,8856.83,60,458,1
7d2f4e58-b47a-4c5b-b0b3-901535102852,46,5843.74,self-employed,27538.69,48,300,1
8f7c1d59-594b-4a3a-bad4-65a15129950d,58,8577.45,unemployed,10091.18,12,672,0
b8beff3d-cb9f-4f6d-af3a-6f27ef06fccb,57,5104.23,unemployed,4103.75,60,696,0
92cf6021-1f33-442d-89ac-908746015028,30,8812.91,self-employed,38520.97,24,589,1
e5508ea2-6133-434d-8b0e-8eb1ad371d9e,38,7327.46,self-employed,6412.74,60,368,1
585abefb-d181-4f77-a500-1423faebcd19,20,12857.51,salaried,9753.3,12,506,0
257f7595-cdfb-4db9-85e7-8b23f4613f09,24,8309.81,salaried,2559.04,48,801,0
f48f709c-49a2-4441-8ac4-de854a5b1aff,51,10111.62,unemployed,13540.99,36,526,1
ec8be537-58ab-4778-943b-45e3b6d1f6bb,56,11331.99,salaried,46580.34,24,803,0
bf519362-41a6-4fed-a7ed-c8d8713f8f8c,23,8084.77,unemployed,3974.31,60,725,0
d3f4a49b-33ba-4a88-b6c7-d6fa7aa4f052,41,12325.24,salaried,41358.51,36,841,0
8fe069b6-eeda-4802-8568-f42689e03e22,20,11545.9,self-employed,4818.83,24,831,0
1bf645f6-2324-4211-8588-fc1bb2384849,24,3315.93,salaried,27051.39,24,497,0
3d4196fe-963a-4617-bdab-07e79d9d028e,51,10539.39,unemployed,31640.93,24,725,0
e7ba26ac-ab7a-4d1c-8cfe-f6833e11bafe,65,3371.68,unemployed,29251.62,48,737,0
3b9b2d45-a350-45e4-b9c5-9df987f255d6,24,4168.52,salaried,27948.31,60,645,0
548e1f6b-69ce-4e4e-99a6-92c90d700ea4,60,4056.29,unemployed,22707.6,36,622,0
ae62990c-19bd-4f93-b8ef-7666b7a4c719,53,14889.02,self-employed,42397.85,48,740,0
f6eab3a0-0153-4221-a331-0a28c550eca8,64,6204.86,salaried,28594.09,24,684,0
286ed390-edd9-4a1a-ba58-5b278ce3e7c3,53,14039.91,self-employed,18640.42,48,758,0
e1721c83-ef5e-4376-a723-fb72682b163a,43,2002.54,salaried,49164.87,60,316,0
a689b424-7a3a-40e1-b9c7-73a0e0decc3d,51,3756.11,self-employed,1321.87,24,519,1
4988e418-f6c3-4218-8183-6315330f8be1,38,2282.12,unemployed,41294.54,60,823,1
0f25477d-a559-40e7-8910-fade52380bf2,53,9418.69,unemployed,8581.02,12,771,0
a6fd0cb1-16e6-45c0-84cb-294fe86e8e63,40,4029.39,self-employed,18987.06,60,555,1
bd1a8f4b-88ff-4d40-bb72-c86d92fa675f,32,5331.17,self-employed,5503.35,48,522,1
098c60b3-efc9-409e-99af-6e09b91e3d6e,64,3003.62,self-employed,39852.31,24,799,0
6afa828c-2cd1-4b9f-abe5-841fe9c96c52,62,11137.02,salaried,30166.33,36,338,0
ef158d5b-2d00-4d05-966d-4627e1dace6a,64,12508.44,self-employed,4845.39,12,642,0
d61169a1-ff46-46bf-894d-916deb6d2fed,40,13437.3,self-employed,21409.56,12,532,1
2fb21e66-7ed1-4aab-89b7-c9bc65a16fa9,65,10486.13,unemployed,46504.01,48,355,1
df4e713e-f64e-4dfc-bfbe-ac7aefc59738,37,8816.98,self-employed,27456.56,24,634,0
0997623a-e072-4d96-8a1a-81f5ed10f004,50,11070.99,salaried,3475.47,48,756,0
9a4ffc0c-9165-42ed-8c63-6e95025f5543,56,9478.31,salaried,11882.2,36,703,0
55c551fc-fba5-4cc8-adaf-37661b780ede,27,3718.46,salaried,24316.88,12,708,0
a42d0cd7-fd35-4f6a-b450-388748d90846,34,3106.03,unemployed,22290.06,24,438,1
e3a68a70-7e71-4b55-8639-bd418b15bd94,48,9270.85,self-employed,20370.62,60,500,1
811414f8-d9df-4d0e-a25a-ed6cf0458043,53,10007.96,unemployed,26688.14,24,373,1
cf0e6d2b-315c-467a-85d8-a6ad77d0359e,35,12098.03,self-employed,34552.16,60,391,1
bb2aa146-2999-494c-94a7-b69b1cd66b09,25,10732.72,self-employed,18898.11,24,628,0
b7f60cdf-41dc-4c60-a5f6-0735757b6b29,40,9720.4,salaried,38714.38,24,658,0
564cfbd2-bc92-4d81-839b-058c2faabe0b,57,12680.59,self-employed,31535.93,48,345,1
aca58d95-915a-4c30-8b86-b5a1ca6fbff8,32,4595.91,self-employed,8643.57,12,415,1
9c678393-2ced-4c0d-b173-04b5c1dd484a,65,2708.99,unemployed,46409.76,36,314,1
67ce378f-e5a4-483b-a383-889adb2c6ac8,39,11019.34,salaried,15950.78,48,323,0
53f30073-83e9-4ef4-ad7d-f5d0d3b59af7,39,4717.12,unemployed,11381.89,60,835,0
186b2880-ab54-4a15-a69d-01ff1634725b,34,9134.4,unemployed,36766.26,24,318,1
7a3a6e96-23ff-43d3-bb4f-b88a2f4dd219,42,9579.06,unemployed,26813.16,36,474,1
01bf9e73-3f80-4385-af92-40b652d78f10,21,5692.18,unemployed,31280.27,12,776,0
725d4259-3c4b-4eec-a231-ee7342c2d2eb,59,14287.29,salaried,20043.61,36,668,0
546252e7-f43b-4052-8459-bd6ec0f63229,24,2248.02,unemployed,19939.64,48,820,1
92a81713-b90e-444b-951c-25d54d4c5280,63,3294.85,self-employed,24748.45,60,844,0
5c0b9b10-a757-4b10-82f5-25b902ed73ce,23,4423.43,unemployed,48372.78,60,322,1
aaf407f7-0fe7-4149-bc7e-5368b1594847,20,5216.1,unemployed,15941.45,48,702,0
28e333b6-4e8a-4c4b-b724-20411e43fbd2,65,4041.07,self-employed,34531.26,36,609,0
ec50ace4-80a5-4e65-afa2-855967c96204,33,14947.93,unemployed,14518.04,12,563,1
c5144d98-b41c-404f-a346-f415e5267a2b,42,13575.23,salaried,47262.7,36,530,0
a38295d3-1e0e-4546-b0b6-dedf4f9c4027,27,6443.22,self-employed,33189.66,12,691,0
5e175b66-4b87-459f-b0cd-7f05ea87855e,51,14487.87,unemployed,43762.37,24,727,0
f5159494-3818-4fd3-b889-936a9d5817e8,33,9447.68,self-employed,48556.32,60,637,0
74797b61-2737-4b52-ba6a-210722319050,46,9049.04,salaried,32971.16,60,507,0
5fa5e0aa-9b11-4530-bd24-7c11bf6b8cdf,26,6016.98,unemployed,45033.52,24,740,0
e9ad0e9b-8c9a-41e9-b3b2-63376a74dbb7,27,10531.01,unemployed,45938.49,36,369,1
cd4f8b2b-899a-4252-81e1-b94a78883058,53,8928.5,unemployed,6800.98,36,449,1
c3093b6e-37e9-42e2-935a-c07aaa0217d0,64,2383.28,self-employed,44126.46,48,721,1
98874bfe-c136-4c65-ae2a-e3413f59e4f2,37,7759.06,unemployed,46729.25,36,455,1
86879aa9-14f5-43d0-8991-2032df85c777,30,3388.03,salaried,2283.71,60,573,0
5c9deee0-b42a-4456-8736-5a84725e134d,56,9371.56,salaried,30221.67,24,326,0
1cb9b73a-906d-4c8c-aad0-8c8913fe8a29,40,3033.18,self-employed,7570.24,60,780,0
e723ada3-8c32-4db2-942a-895e0fcf601f,63,10444.39,salaried,42754.34,48,785,0
89628f6e-929c-43b3-b3c0-8bf18167999f,26,4129.22,salaried,2579.25,12,576,0
dabf984e-53ff-4461-aa1f-1b61265cb9d9,44,4893.2,unemployed,49423.93,24,367,1
ae27d432-1dc1-47eb-b11c-767385351a69,29,14052.34,self-employed,43489.32,48,632,0
7d23d479-9549-4a82-b787-ef8d3495311e,47,13538.63,self-employed,20838.47,12,689,0
720b274b-82a7-4586-a61d-9cde1747f387,64,6067.67,unemployed,47017.82,60,849,0
21c71aa3-7414-43b5-8e3e-25f2cf0671c7,51,10338.12,unemployed,39559.07,60,411,1
905c7bdd-74f0-4eae-aa59-43ce836435e3,46,7939.71,salaried,44011.22,24,831,0
ac3a812f-765e-4cb5-8f0d-55400ec7d662,52,7142.95,unemployed,2923.33,48,828,0
0592bfa5-b928-423f-8ee4-334ece920136,58,14513.7,salaried,15267.79,48,611,0
00c59f30-d103-4424-8124-1bb4655ce508,36,7997.51,self-employed,15426.57,12,829,0
12b2102d-940c-4503-b7c8-6152beed0af9,27,8026.53,unemployed,23133.21,60,415,1
b34c6c73-5833-4b30-ac77-6e950b981ccd,29,12123.5,unemployed,27773.95,48,723,0
0f6ce9bf-fe7e-4362-8a89-b0f0105291d3,38,7861.52,salaried,23230.36,24,765,0
fc737d92-11ab-4d11-a4eb-8000ef40d162,23,5251.07,unemployed,32780.25,24,426,1
497ec6d1-081f-46dc-b8d9-a88aef0bea4f,23,3484.14,self-employed,32069.55,12,836,0
22ab7752-c4db-4a62-ae13-418d68ab80ea,63,6993.14,unemployed,30991.55,24,687,0
bab2b77d-fa74-4cc8-a43a-fb7ac40d4874,53,6947.89,salaried,45700.39,60,453,0
5fdcabbf-6b9c-471c-b6ba-745ba55871e3,28,13294.64,salaried,38688.68,12,729,0
72d35458-61ea-4f30-a42e-707afe2bd987,37,6023.74,self-employed,15150.25,24,420,1
60a399d4-e821-4716-aac8-0da1de9f6f5b,26,14485.64,salaried,31505.46,36,312,0
f6d22a7b-aec7-4a82-948b-4376602a4e57,47,8469.16,self-employed,27631.56,12,805,0
220b9ea9-8a0f-4508-9fe2-c0a0a96b3c42,33,4819.36,unemployed,24309.89,48,752,0
1e5ebe54-5907-4299-9c3b-bdd8a74e02a9,23,9815.82,salaried,12990.95,60,584,0
649f7d88-8989-45ab-be2b-34d82db0728d,57,10172.26,salaried,3397.02,24,356,0
fa8dae42-ba54-4920-a099-d18087623997,59,6537.26,salaried,42837.64,60,605,0
c194f97f-00e3-4026-95b6-de85390239d9,39,13965.0,salaried,6335.49,24,465,0
76876c62-4c61-445e-ba7e-5d9405d1fb63,61,5696.95,unemployed,34884.17,60,481,1
6c93a791-8b60-4511-b816-8aebac6a7c85,47,11741.35,self-employed,46642.51,12,606,0
3acb43a3-d2c7-4ffb-a118-433b882ccd1e,38,6791.4,self-employed,41192.97,48,366,1
27b608dc-589d-4cb0-b5eb-89c23f5cf2f3,36,8120.62,salaried,35036.35,36,637,0
e00da49d-effa-4002-b040-413c4690fb15,51,7378.85,salaried,35095.65,60,359,0
083f64c3-1ce3-42f8-83f7-25feb99b2b5a,24,9427.77,unemployed,26918.38,12,795,0
9d6b9b62-6b53-4a19-a902-b73fcf39f648,64,10952.51,unemployed,15072.18,60,624,0
e39836bb-e23d-4faa-afad-49e9c41c147e,34,8830.09,unemployed,18338.81,24,808,0
1139fa12-34c1-43ea-bd9c-4e6404015ced,51,11479.4,self-employed,25132.72,24,538,1
7249f62c-0898-4462-980c-b95c19d45deb,63,5776.34,salaried,1077.46,12,776,0
df495037-b40a-4181-ac09-bdb799086e47,58,12357.52,unemployed,42555.42,60,724,0
0b531932-bd94-49aa-bea6-e5b20c760d28,44,2591.4,self-employed,28460.36,24,311,1
8a2db2e6-3bfd-48a6-b05f-ddf566fadca0,58,4615.43,self-employed,13466.46,12,615,0
c6ac1b04-dd1d-4cd1-811f-6bf5379ef467,37,8586.97,self-employed,38584.6,12,641,0
fe54ee4b-80ff-4173-a3df-ecd70e731dd7,39,7148.64,unemployed,31183.67,12,479,1
ea98fef8-d0d7-4e37-bbf2-025f4a0d2b73,30,6296.69,self-employed,46191.71,48,785,0
93d563ae-51a3-4c26-937b-f79bbb44badc,20,10393.48,self-employed,8613.93,48,849,0
d18183d1-ac2b-4cfc-85c5-1060991121e7,39,8012.11,self-employed,46461.71,12,833,0
e0527739-4d40-4f1b-bca5-be2952171bf3,37,9344.25,unemployed,16459.64,60,319,1
